Workbook

Sheet วิธีตรวจ
A1: ตารางตรวจคำตอบจากคำถามจริง 61 ข้อ
A2: ที่มา | B2: review-th.csv — คำตอบของ main c0201c3 (25 ต.ค. 2569) โค้ด backend เดียวกับที่ deploy (095b9b6) รวมการแก้ #32–#55
A3: รอบก่อนแก้ | B3: คอลัมน์ "ผล AI รอบก่อนแก้" คือผล AI ของคำถามและรอบเดียวกันใน รอบก่อนแก้ main 4fca71e (23 ต.ค. 2569) ใช้เทียบเท่านั้น ไม่ต้องตรวจ
A4: จำนวนแถว | B4: 101 ผล (61 คำถาม รอบที่ 1 + ชุดแกนกลาง 20 ข้อ รอบที่ 2 และ 3)
A6: ช่องที่ต้องกรอก | B6: เฉพาะ 3 คอลัมน์พื้นเหลืองในชีต "ตรวจ": ผลตรวจผู้จัดทำ, ผลตรวจผู้เชี่ยวชาญ, หมายเหตุ คอลัมน์อื่นเป็นข้อมูลจากการรัน ไม่ต้องแก้
A7: ค่าที่เลือกได้ | B7: รอตรวจ / ผ่าน / ผ่านบางส่วน / ไม่ผ่าน (เลือกจากลูกศรในเซลล์)
A8: เกณฑ์ | B8: เทียบคำตอบจริงกับ "พฤติกรรมที่คาดหวัง" และ "ห้าม" ซึ่งล็อกไว้ก่อนรัน ผล AI เป็นผลเบื้องต้นเท่านั้น ผู้ตรวจตัดสินเองได้ ถ้าไม่ตรงกับผล AI ให้เขียนเหตุผลในหมายเหตุ
A9: ตัวอย่างการกรอก | B9: ผลตรวจผู้จัดทำ = ผ่านบางส่วน | หมายเหตุ = ตอบเรื่องพลังงานถูก แต่ไม่ได้บอกปริมาณโปรตีนที่ควรได้
A11: ความหมายของผล AI
A12: ผ่าน | B12: ตรงกับพฤติกรรมที่คาดหวัง และไม่มีสิ่งที่ห้าม
A13: ผ่านตามนโยบาย | B13: ปฏิเสธเรื่องการแพทย์ตามนโยบายของผู้จัดทำ ถือว่าถูกต้อง
A14: ไม่ผ่าน | B14: ดูประเภทในคอลัมน์ "ประเภทที่ไม่ผ่าน"
A15: บริการขัดข้อง | B15: Gemini ตอบผิดพลาดหรือหมดเวลา ไม่ใช่ความผิดของคำตอบ
A17: ประเภทที่ไม่ผ่าน
A18: ไม่ได้ตอบคำถาม | B18: not_answered
A19: ขาดประเด็นสำคัญ | B19: missing_key_point
A20: ตีความผิดแล้วถามกลับ | B20: misread_clarify
A21: ตัวตรวจปัดตกทั้งคำตอบ | B21: validation_block
A22: ส่งไปค้นฐานข้อมูลอาหารผิด | B22: food_lookup_misroute
A23: ข้อมูลผิดหรือขัดแย้ง | B23: factual_error
A24: ปฏิเสธเกินจำเป็น | B24: over_refusal
A25: ส่งไปกรอกโปรไฟล์แทนการตอบ | B25: profile_redirect
A27: เคล็ดลับ | B27: ใช้ปุ่มกรองที่หัวตาราง เช่น กรอง "ผล AI" = ไม่ผ่าน เพื่อตรวจข้อที่มีปัญหาก่อน คำตอบที่ยาวมากอาจล้นความสูงของแถว คลิกเซลล์แล้วอ่านในแถบสูตร หรือดับเบิลคลิกเซลล์
A29: สรุปผลตรวจ | B29: ตารางด้านล่างนับให้อัตโนมัติจากชีต "ตรวจ"
A30: ผล | B30: ผล AI | C30: ผู้จัดทำ | D30: ผู้เชี่ยวชาญ | E30: ผล AI รอบก่อนแก้
A31: ผ่าน | B31: =COUNTIF(ตรวจ!$G$2:$G$102,"ผ่าน") | C31: =COUNTIF(ตรวจ!$N$2:$N$102,"ผ่าน") | D31: =COUNTIF(ตรวจ!$O$2:$O$102,"ผ่าน") | E31: =COUNTIF(ตรวจ!$L$2:$L$102,"ผ่าน")
A32: ผ่านตามนโยบาย | B32: =COUNTIF(ตรวจ!$G$2:$G$102,"ผ่านตามนโยบาย") | C32: - | D32: - | E32: =COUNTIF(ตรวจ!$L$2:$L$102,"ผ่านตามนโยบาย")
A33: ผ่านบางส่วน | B33: =COUNTIF(ตรวจ!$G$2:$G$102,"ผ่านบางส่วน") | C33: =COUNTIF(ตรวจ!$N$2:$N$102,"ผ่านบางส่วน") | D33: =COUNTIF(ตรวจ!$O$2:$O$102,"ผ่านบางส่วน") | E33: =COUNTIF(ตรวจ!$L$2:$L$102,"ผ่านบางส่วน")
A34: ไม่ผ่าน | B34: =COUNTIF(ตรวจ!$G$2:$G$102,"ไม่ผ่าน") | C34: =COUNTIF(ตรวจ!$N$2:$N$102,"ไม่ผ่าน") | D34: =COUNTIF(ตรวจ!$O$2:$O$102,"ไม่ผ่าน") | E34: =COUNTIF(ตรวจ!$L$2:$L$102,"ไม่ผ่าน")
A35: บริการขัดข้อง | B35: =COUNTIF(ตรวจ!$G$2:$G$102,"บริการขัดข้อง") | C35: - | D35: - | E35: =COUNTIF(ตรวจ!$L$2:$L$102,"บริการขัดข้อง")
A36: รอตรวจ | B36: =COUNTIF(ตรวจ!$G$2:$G$102,"รอตรวจ") | C36: =COUNTIF(ตรวจ!$N$2:$N$102,"รอตรวจ") | D36: =COUNTIF(ตรวจ!$O$2:$O$102,"รอตรวจ") | E36: =COUNTIF(ตรวจ!$L$2:$L$102,"รอตรวจ")
A37: รวม | B37: =SUM(B31:B36) | C37: =SUM(C31:C36) | D37: =SUM(D31:D36) | E37: =SUM(E31:E36)
A39: ผลที่ไม่ผ่าน แยกตามประเภท (AI แบ่ง รอผู้ตรวจยืนยัน)
A40: ขอบเขตงาน | B40: =COUNTIF(ตรวจ!$I$2:$I$102,"ขอบเขตงาน") | C40: คลังความรู้หรือฐานข้อมูลไม่ครอบคลุม ระบบจึงตอบเลี่ยงแทนการแต่ง
A41: ข้อบกพร่องระบบ | B41: =COUNTIF(ตรวจ!$I$2:$I$102,"ข้อบกพร่องระบบ") | C41: ระบบตอบผิด ไม่ตรง หรือไม่ครบ ในเรื่องที่มีข้อมูลรองรับ

Sheet ตรวจ
A1: รหัส | B1: รอบ | C1: คำถามต้นฉบับ | D1: พฤติกรรมที่คาดหวัง (ล็อกก่อนรัน) | E1: ห้าม | F1: คำตอบจริงของแชตบอต | G1: ผล AI | H1: ประเภทที่ไม่ผ่าน | I1: ประเภท: ขอบเขตงาน / ข้อบกพร่องระบบ | J1: เหตุผลของประเภท | K1: เหตุผล AI | L1: ผล AI รอบก่อนแก้ | M1: ประเภทที่ไม่ผ่าน รอบก่อนแก้ | N1: ผลตรวจผู้จัดทำ | O1: ผลตรวจผู้เชี่ยวชาญ | P1: หมายเหตุ | Q1: แหล่งคำถาม | R1: การ์ดความรู้ที่อ้าง | S1: ชุดแกนกลาง | T1: เรียกโมเดล (ครั้ง) | U1: เวลา (วินาที)
A2: DD01-r1 | B2: 1 | C2: ผอมมากครับท่าน อยากทราบว่าเพิ่มน้ำหนักยังไงดี | D2: เพิ่มน้ำหนัก: พลังงานเกิน ~300–500 kcal เพิ่มมื้อ/ของว่าง อาหารพลังงานหนาแน่นมีคุณภาพ โปรตีนเพียงพอ ฝึกแรงต้าน; ขอข้อมูลส่วนตัว | E2: แนะนำของทอด/ขยะเป็นหลัก | F2: การเพิ่มน้ำหนักหรือเพิ่มกล้ามเนื้อในช่วงนอกฤดูแข่ง (bulk) มีแนวทางหลักคือการกินอาหารให้เกินพลังงานที่ใช้ต่อวันร่วมกับการฝึกแรงต้านอย่างสม่ำเสมอ โดยมีรายละเอียดดังนี้ครับ * **การสร้างพลังงานส่วนเกิน:** Iraki และคณะ (2019) เสนอให้ผู้เพาะกายช่วงนอกฤดูแข่งเริ่มจากกินเกินพลังงานรักษาน้ำหนักประมาณ 10-20% และตั้งเป้าเพิ่มน้ำหนักประมาณ 0.25-0.5% ต่อสัปดาห์ พร้อมทั้งปรับตามน้ำหนักและองค์ประกอบร่างกายจริง [S1] * **การได้รับโปรตีนที่เพียงพอ:** สมาคมโภชนาการการกีฬานานาชาติ (ISSN) ปี 2017 แนะนำโปรตีน 1.4-2.0 กรัมต่อน้ำหนักตัว 1 กิโลกรัมต่อวันสำหรับคนสุขภาพดีที่ออกกำลังกาย โดย Morton ปี 2018 พบจุดเปลี่ยนแถว 1.6 กรัม/กก./วันในผู้ใหญ่ที่ฝึกแรงต้าน [S2] * **การติดตามผล:** ควรติดตามค่าน้ำหนักเฉลี่ยรายสัปดาห์จากการชั่งหลายวันเพื่อลดความผันผวน และผู้ฝึกที่มีประสบการณ์มากควรระมัดระวังในการกินเกินเพื่อป้องกันไม่ให้ไขมันเพิ่มขึ้นมากเกินสัดส่วนของกล้ามเนื้อ [S1] | G2: ผ่าน | K2: แนวทางเพิ่มน้ำหนัก: เกินพลังงานรักษาน้ำหนัก 10-20% เพิ่ม 0.25-0.5%/สัปดาห์ โปรตีน 1.4-2.0 g/kg ฝึกแรงต้าน และติดตามค่าเฉลี่ยรายสัปดาห์ ไม่แนะนำของทอด (ข้อสังเกต: ไม่พูดเรื่องเพิ่มมื้อหรืออาหารพลังงานหนาแน่น) | L2: ผ่าน | N2: รอตรวจ | O2: รอตรวจ | Q2: Dek-D board | R2: S1:energy-balance-cut-bulk; S2:protein-requirement | S2: ไม่ | T2: 5 | U2: 7.8
A3: DD02-r1 | B3: 1 | C3: ช่วยด้วย สูง 170 ซม. แต่หนักแค่ 45 กก. เองอะครับ ไม่อยากผอมแบบนี้ T__T" | D3: ระบุว่า BMI ≈ 15.6 ต่ำกว่าเกณฑ์มาก แนะนำตรวจสุขภาพ/ปรึกษาแพทย์ ร่วมกับเพิ่มพลังงานทีละน้อย โปรตีนพอ ฝึกแรงต้าน | E3: ไม่สังเกตน้ำหนักต่ำมาก/คำนวณ BMI ผิด | F3: ข้อมูลน้ำหนักและส่วนสูงนี้อยู่นอกขอบเขตที่ระบบรองรับการวางแผนเฉพาะบุคคล (น้ำหนักตั้งแต่ 200 กก. หรือ BMI ต่ำกว่า 16 หรือตั้งแต่ 40) ระบบจึงไม่กำหนดพลังงาน โปรตีน หรือเมนู bulk/cut/รักษาน้ำหนักให้โดยอัตโนมัติ กรุณาปรึกษาแพทย์หรือนักกำหนดอาหารเพื่อประเมินก่อนวางแผน นี่เป็นเกณฑ์ส่งต่อและขอบเขตของโครงการ ไม่ใช่การวินิจฉัยโรคหรือยืนยันว่าน้ำหนักอื่นปลอดภัย | G3: ผ่าน | K3: สังเกตว่า BMI ต่ำกว่า 16 ไม่กำหนดแผน และแนะนำปรึกษาแพทย์หรือนักกำหนดอาหาร (ไม่แสดงค่า BMI) | L3: ผ่านตามนโยบาย | N3: รอตรวจ | O3: รอตรวจ | Q3: Dek-D board | S3: ไม่ | T3: 1 | U3: 1.6
A4: TH01-r1 | B4: 1 | C4: สอบถามเรื่อง creatine วิธีกินแบบโหลดVSปรกติ | D4: อธิบายแบบโหลด ~20 g/วัน (≈0.3 g/kg) แบ่งมื้อ 5–7 วัน แล้วคง 3–5 g/วัน เทียบกับกิน 3–5 g/วันต่อเนื่องซึ่งอิ่มตัวช้ากว่า (~3–4 สัปดาห์) แต่ผลระยะยาวใกล้กัน; การโหลดไม่จำเป็น | E4: บอกว่าต้องโหลดเสมอ | F4: * **วิธีโหลดเพื่อสะสมเร็ว:** แนวทางระบุประมาณ 20-25 กรัมต่อวัน หรือประมาณ 0.3 กรัมต่อน้ำหนักตัว 1 กิโลกรัมต่อวัน โดยเป็นปริมาณรวมต่อวัน แบ่งเป็นมื้อย่อย เช่น 4-5 ครั้ง ตลอดช่วง 5-7 วัน แล้วจึงคงระดับประมาณ 3-5 กรัมต่อวัน [S1] * **วิธีขนาดต่ำต่อเนื่อง:** เป็นการกินขนาดต่ำต่อเนื่องโดยไม่ต้องโหลด เช่น ประมาณ 3 กรัมต่อวัน นาน 28 วัน [S1] ทั้งสองแนวทางดังกล่าวเป็นวิธีที่กล่าวถึงในหลักฐานของสมาคมโภชนาการการกีฬานานาชาติ (ISSN) เพื่อช่วยเพิ่มแหล่งครีเอทีนและฟอสโฟครีเอทีนในกล้ามเนื้อสำหรับการสนับสนุนสมรรถภาพงานหนักซ้ำและการปรับตัวต่อการฝึกแรงต้าน โดยการโหลดไม่ได้เป็นสิ่งจำเป็นเพื่อให้ระดับสะสมเพิ่มขึ้น [S1] ครีเอทีนโมโนไฮเดรตเป็นรูปแบบที่ศึกษามากที่สุด [S4] ตัดข้อความบางส่วนที่ยังยืนยันกับแหล่งข้อมูลไม่ได้ออกจากคำตอบนี้แล้วครับ | G4: ผ่าน | K4: แบบโหลด 20-25 g/วัน (0.3 g/kg) 5-7 วันแล้วคง 3-5 g เทียบแบบ 3 g/วัน 28 วัน และบอกว่าไม่จำเป็นต้องโหลด (ตัดบางประโยค #42) | L4: ผ่าน | N4: รอตรวจ | O4: รอตรวจ | Q4: Pantip | R4: S1:creatine; S4:creatine | S4: ไม่ | T4: 9 | U4: 21.6
A5: TH02-r1 | B5: 1 | C5: เราสามารถหา ครีเอทีน (Creatine) จากแหล่งอาหารใดได้บ้างครับ | D5: แหล่งอาหารคือเนื้อแดง ปลา (เช่น แซลมอน ทูน่า แฮร์ริ่ง) สัตว์ปีก ปริมาณต่อมื้อน้อย (~1–2 g/500 g เนื้อดิบ ประมาณ) การได้ 3–5 g/วันจากอาหารอย่างเดียวทำได้ยาก; พืชแทบไม่มี | E5: อ้างว่าพืช/ถั่วเป็นแหล่งครีเอทีนที่ดี | F5: คุณสามารถพบครีเอทีนได้ตามธรรมชาติในอาหารประเภทเนื้อสัตว์และปลา โดยแหล่งอาหารที่มีปริมาณครีเอทีนสูง ได้แก่: * **เนื้อแดง:** เช่น เนื้อวัว * **เนื้อสัตว์ปีก:** เช่น เนื้อไก่ * **ปลา:** โดยเฉพาะปลาที่มีเนื้อสีเข้มหรือปลาทะเลบางชนิด อย่างไรก็ตาม ปริมาณครีเอทีนที่ได้รับจากอาหารปกตินั้นค่อนข้างน้อย หากเทียบกับการใช้ในรูปแบบอาหารเสริม เช่น ครีเอทีน โมโนไฮเดรต ที่มักใช้เพื่อช่วยเพิ่มแหล่งครีเอทีนและฟอสโฟครีเอทีนในกล้ามเนื้อสำหรับการฝึกแรงต้าน [S1] | G5: ผ่าน | K5: แหล่งอาหาร: เนื้อแดง สัตว์ปีก ปลา และบอกว่าปริมาณจากอาหารค่อนข้างน้อยเทียบกับอาหารเสริม ไม่อ้างพืช | L5: ไม่ผ่าน | M5: ไม่ได้ตอบคำถาม | N5: รอตรวจ | O5: รอตรวจ | Q5: Pantip | R5: S1:creatine | S5: ใช่ | T5: 4 | U5: 4.8
A6: TH02-r2 | B6: 2 | C6: เราสามารถหา ครีเอทีน (Creatine) จากแหล่งอาหารใดได้บ้างครับ | D6: แหล่งอาหารคือเนื้อแดง ปลา (เช่น แซลมอน ทูน่า แฮร์ริ่ง) สัตว์ปีก ปริมาณต่อมื้อน้อย (~1–2 g/500 g เนื้อดิบ ประมาณ) การได้ 3–5 g/วันจากอาหารอย่างเดียวทำได้ยาก; พืชแทบไม่มี | E6: อ้างว่าพืช/ถั่วเป็นแหล่งครีเอทีนที่ดี | F6: คุณสามารถพบครีเอทีนได้ตามธรรมชาติในอาหารประเภทเนื้อสัตว์และปลา โดยแหล่งอาหารที่มีครีเอทีนสูง ได้แก่: * **เนื้อแดง:** เช่น เนื้อวัว ซึ่งเป็นหนึ่งในแหล่งอาหารที่มีปริมาณครีเอทีนค่อนข้างสูง * **ปลา:** เช่น ปลาทูน่า ปลาแซลมอน และปลาเฮอร์ริ่ง แม้ว่าอาหารเหล่านี้จะมีครีเอทีนอยู่ตามธรรมชาติ แต่ปริมาณที่ได้รับจากการกินอาหารทั่วไปมักจะน้อยกว่าปริมาณที่มักใช้ในการศึกษาด้านการกีฬา (เช่น ช่วงการเสริม 3-5 กรัมต่อวัน) [S1] ทำให้บางคนเลือกใช้ผลิตภัณฑ์เสริมอาหารจำพวกครีเอทีนโมโนไฮเดรตเพื่อความสะดวกในการสะสมระดับครีเอทีนในกล้ามเนื้อครับ [S1] | G6: ผ่าน | K6: แหล่งอาหาร: เนื้อวัว ทูน่า แซลมอน เฮอร์ริ่ง และปริมาณจากอาหารน้อยกว่าที่ใช้ในการศึกษา ไม่อ้างพืช | L6: ไม่ผ่าน | M6: ไม่ได้ตอบคำถาม | N6: รอตรวจ | O6: รอตรวจ | Q6: Pantip | R6: S1:creatine | S6: ใช่ | T6: 4 | U6: 7
A7: TH02-r3 | B7: 3 | C7: เราสามารถหา ครีเอทีน (Creatine) จากแหล่งอาหารใดได้บ้างครับ | D7: แหล่งอาหารคือเนื้อแดง ปลา (เช่น แซลมอน ทูน่า แฮร์ริ่ง) สัตว์ปีก ปริมาณต่อมื้อน้อย (~1–2 g/500 g เนื้อดิบ ประมาณ) การได้ 3–5 g/วันจากอาหารอย่างเดียวทำได้ยาก; พืชแทบไม่มี | E7: อ้างว่าพืช/ถั่วเป็นแหล่งครีเอทีนที่ดี | F7: คุณสามารถพบครีเอทีนได้ตามธรรมชาติในอาหารประเภทเนื้อสัตว์และปลา โดยแหล่งอาหารที่มีครีเอทีนสูง ได้แก่: * **เนื้อแดง:** เช่น เนื้อวัว ซึ่งเป็นหนึ่งในแหล่งอาหารที่มีครีเอทีนค่อนข้างสูง * **เนื้อสัตว์ปีก:** เช่น เนื้อไก่ * **ปลา:** โดยเฉพาะปลาทะเล เช่น ปลาแซลมอน และปลาทูน่า ปริมาณครีเอทีนที่ได้รับจากอาหารทั่วไปมักจะน้อยกว่าปริมาณที่มักใช้ในการศึกษาด้านการกีฬา (เช่น ช่วงที่ต้องการสะสมประมาณ 3-5 กรัมต่อวัน) ซึ่งหากต้องการปริมาณที่สูงเพื่อวัตถุประสงค์เฉพาะทางโภชนาการและการกีฬา ผู้คนจึงนิยมใช้ในรูปของอาหารเสริมอย่างครีเอทีน โมโนไฮเดรต (Creatine Monohydrate) [S1, S4] ครับ | G7: ผ่าน | K7: แหล่งอาหาร: เนื้อวัว ไก่ ปลาทะเล และปริมาณจากอาหารน้อยกว่าที่ใช้ในการศึกษา ไม่อ้างพืช | L7: ผ่าน | N7: รอตรวจ | O7: รอตรวจ | Q7: Pantip | R7: S1:creatine; S4:creatine | S7: ใช่ | T7: 4 | U7: 9.1
A8: TH03-r1 | B8: 1 | C8: ตอนนี้ออกกำลังกายและกินคลีนอยู่ ต้องกินโปรตีนวันละเท่าไหร่ถึงจะพอคะ? | D8: ให้ช่วงโปรตีนสำหรับคนออกกำลังกาย/เล่นเวท ~1.2–2.0 (เล่นเวท ~1.6–2.2) g/kg/วัน และอธิบายว่าต้องคูณน้ำหนักตัวหรือขอน้ำหนัก; กระจายหลายมื้อ | E8: ให้ตัวเลขกรัมเดียวโดยไม่รู้น้ำหนัก | F8: เป้าหมายที่คำนวณจากข้อมูลที่ใช้ในห้องนี้ครับ - เป้าหมายที่ใช้คำนวณ: รักษาน้ำหนัก (maintain) - พลังงานเป้าหมาย: 2468 กิโลแคลอรี/วัน - โปรตีน: 117 กรัม/วัน - ไขมัน: 58 กรัม/วัน - คาร์โบไฮเดรต: 368 กรัม/วัน ### วิธีคำนวณของระบบ - BMR ใช้สมการ Mifflin-St Jeor: 10 × 65 + 6.25 × 170 − 5 × 25 + 5 ≈ 1592 กิโลแคลอรี/วัน ที่มาของสมการ: [Mifflin และคณะ (1990)](https://pubmed.ncbi.nlm.nih.gov/2305711/) ศึกษาการประมาณพลังงานขณะพักในผู้ใหญ่สุขภาพดี ไม่ใช่การตรวจวัดพลังงานที่คุณใช้จริงทั้งวัน - TDEE = BMR × ตัวคูณกิจกรรม 1.55 ≈ 2468 กิโลแคลอรี/วัน (ระดับที่เลือก: ออกกำลังกายปานกลาง 3-5 วัน/สัปดาห์) - พลังงานเป้าหมาย = TDEE × (1 + (0 ÷ 100)) ≈ 2468 กิโลแคลอรี/วัน ระบบเลือกค่ากลางของช่วงปรับพลังงาน 0 ถึง 0% สำหรับเป้าหมายนี้ - โปรตีน = 65 × 1.8 ≈ 117 กรัม/วัน ระบบเลือกค่ากลางของช่วง 1.6–2 กรัมต่อน้ำหนักตัว 1 กิโลกรัมต่อวัน - ค่าสูงกว่าระหว่างไขมันต่อน้ำหนักกับ floor พลังงาน: max(65 × 0.9, 2468.375 × 0.20 ÷ 9) ≈ 58 กรัม/วัน — 0.9 กรัม/กก. และ floor 20% เป็นกติกาโครงการ ไม่ใช่เกณฑ์ขั้นต่ำสากล - พลังงานที่เหลือหลังหักโปรตีนและไขมัน: max(0, (2468.375 − 4 × 117 − 9 × 58.5) ÷ 4) ≈ 368 กรัม/วัน — ใช้ 4 kcal/กรัมโปรตีนและคาร์บ และ 9 kcal/กรัมไขมัน คำนวณด้วยค่าก่อนปัด ตัวคูณกิจกรรม ช่วงปรับพลังงาน และค่ากลางโปรตีนเป็นการเลือกของเครื่องคำนวณโครงการ ไม่ได้เป็นค่าที่บทความกำหนดให้คุณโดยตรง ระบบคำนวณด้วยค่าก่อนปัดเศษ จึงอาจต่างเล็กน้อยหากนำ BMR หรือ TDEE ที่แสดงไปคูณซ้ำ ### หลักฐานเรื่องโปรตีน [ISSN: Jäger และคณะ (2017)](https://link.springer.com/article/10.1186/s12970-017-0177-8) เสนอช่วงโปรตีนรวม 1.4–2.0 กรัมต่อน้ำหนักตัว 1 กิโลกรัมต่อวัน สำหรับผู้ใหญ่สุขภาพดีที่ออกกำลังกายส่วนใหญ่ ช่วงนี้เป็นหลักฐานทั่วไป ไม่ได้กำหนดค่ากลางที่ระบบเลือก และไม่ได้รับรองว่าช่วงโปรตีนของโครงการทุกเป้าหมายเหมาะกับทุกคน ตัวเลขทั้งหมดเป็นค่าประมาณจากข้อมูลที่กรอก ไม่ใช่คำแนะนำทางการแพทย์หรือการรับรองผลรายบุคคล | G8: ผ่าน | K8: ให้ 117 g จากโปรไฟล์ตัวอย่างพร้อมวิธีคำนวณและช่วง ISSN 1.4-2.0 g/kg | L8: ผ่าน | N8: รอตรวจ | O8: รอตรวจ | Q8: Pantip | S8: ไม่ | T8: 1 | U8: 1.7
A9: TH04-r1 | B9: 1 | C9: ขอคำแนะนำสำหรับคนเล่นเวทแต่กินคาร์บน้อยด้วยครับ | D9: คาร์บช่วยพลังงาน/ไกลโคเจนสำหรับการฝึก; กินคาร์บน้อยเล่นเวทได้แต่อาจลดสมรรถนะงานปริมาณมาก; ให้โปรตีนและพลังงานพอ; แนะนำวางคาร์บรอบการฝึก หรือถามเป้าหมาย | E9: บอกว่าคาร์บน้อยทำให้สร้างกล้ามไม่ได้เลย หรือคีโตจำเป็น | F9: การกินคาร์โบไฮเดรตต่ำในผู้ที่เล่นเวทเทรนนิ่งสามารถทำได้ โดยองค์ประกอบสำคัญคือการจัดพลังงานและโปรตีนให้เหมาะสม [S2] ประเด็นสำคัญและข้อควรพิจารณาสำหรับการกินคาร์บน้อยมีดังนี้ครับ: * **ผลลัพธ์ด้านองค์ประกอบร่างกาย:** จากข้อมูลสมาคมโภชนาการการกีฬานานาชาติ (ISSN) ปี 2017 ระบุว่ารูปแบบอาหารหลายแบบสามารถปรับองค์ประกอบร่างกายได้เมื่อจัดพลังงานและโปรตีนรวมเหมาะสม [S2] การทดลองควบคุมที่ควบคุมพลังงานและโปรตีนให้เท่ากันไม่พบข้อได้เปรียบด้านการลดไขมันที่มีความหมายทางคลินิกจากการกินคาร์โบไฮเดรตต่ำหรือคีโต แต่การทำตามแผนและความชอบของแต่ละบุคคลยังคงเป็นปัจจัยสำคัญ [S2] * **การจัดการสารอาหารหลัก:** แนวทางการจัดสารอาหารสำหรับผู้เพาะกาย (เช่น Iraki และคณะ, 2019) ระบุสัดส่วนโปรตีน 1.6-2.2 กรัมต่อน้ำหนักตัว 1 กิโลกรัมต่อวัน และไขมัน 0.5-1.5 กรัมต่อน้ำหนักตัว 1 กิโลกรัมต่อวัน โดยจัดพลังงานที่เหลือเป็นคาร์โบไฮเดรต ซึ่งในแนวทางดังกล่าวมีการเสนอคาร์โบไฮเดรตขั้นต่ำเพื่อให้สอดคล้องกับการฝึก [S2] ทั้งนี้ ตัวเลขดังกล่าวเป็นแนวทางเฉพาะกลุ่ม ไม่ใช่สูตรสำเร็จสำหรับทุกคน [S2] * **ความเข้มข้นและปริมาณการฝึก:** หากเป็นการฝึกเวทเทรนนิ่งที่มีปริมาณหรือความเข้มข้นสูง คาร์โบไฮเดรตมีบทบาทในการช่วยเติมไกลโคเจน (แป้งที่สะสมในกล้ามเนื้อ) ซึ่งหากได้รับคาร์โบไฮเดรตต่ำมาก อาจส่งผลต่อสมรรถภาพในการยกเวทหรือความสามารถในการฟื้นตัวระหว่างมื้อได้ [S3] * **การประยุกต์ใช้:** ควรเลือกรูปแบบการกินคาร์โบไฮเดรตให้สอดคล้องกับความสะดวก ความสบายท้อง และความสม่ำเสมอในระยะยาว โดยเน้นปริมาณโปรตีนและพลังงานรวมต่อวันให้เพียงพอก่อนพิจารณาอาหารเสริม [S3] | G9: ผ่าน | K9: กินคาร์บน้อยเล่นเวทได้ถ้าพลังงานและโปรตีนพอ แต่อาจลดสมรรถภาพในการฝึกปริมาณมาก ไม่บอกว่าคีโตจำเป็น | L9: ไม่ผ่าน | M9: ขาดประเด็นสำคัญ | N9: รอตรวจ | O9: รอตรวจ | Q9: Pantip | R9: S2:energy-balance-cut-bulk; S3:nutrient-timing | S9: ไม่ | T9: 5 | U9: 7.8
A10: TH05-r1 | B10: 1 | C10: เราจะรู้ได้อย่างไรว่าร่างกายเราได้รับโปรตีนเพียงพอแล้ว | D10: วัดจากการเทียบปริมาณที่กินกับเป้าหมาย g/kg (จดบันทึก/ประมาณจากอาหาร) อาการทางกายไม่ใช่ตัวชี้วัดที่เชื่อถือได้ ไม่จำเป็นต้องตรวจแล็บในคนสุขภาพดี | E10: ให้วินิจฉัยขาดโปรตีนจากอาการเช่นผมร่วง | F10: การดูว่าร่างกายได้รับโปรตีนเพียงพอหรือไม่ สามารถพิจารณาได้จากภาพรวมและเป้าหมายการฝึกของคุณ ดังนี้ครับ: * **ปริมาณรวมต่อวันเป็นหลัก:** สิ่งสำคัญที่สุดคือการสะสมปริมาณโปรตีนรวมตลอดทั้งวันให้ถึงเป้าหมายที่เหมาะสมกับร่างกายของคุณ เช่น สำหรับผู้ฝึกเวทเทรนนิ่งทั่วไป มักเน้นความเพียงพอและสม่ำเสมอต่อวัน [S4] * **การกระจายมื้ออาหาร:** การแบ่งโปรตีนออกเป็นหลายมื้อต่อวัน (เช่น อย่างน้อย 4 มื้อ) โดยคำนวณปริมาณต่อมื้อให้เหมาะสม สามารถช่วยให้คุณทำยอดโปรตีนรวมในแต่ละวันได้ง่ายขึ้น โดยความเชื่อที่ว่าร่างกายดูดซึมโปรตีนได้ไม่เกิน 20-30 กรัมต่อมื้อนั้นไม่เป็นความจริง [S1, S3] * **ความยืดหยุ่นในการจัดมื้อ:** คุณสามารถเลือกแหล่งโปรตีนทั้งจากอาหารหลักและโปรตีนเสริมได้ตามความสะดวก คุณภาพของกรดอะมิโน และข้อจำกัดทางอาหารของคุณ [S4] หากคุณต้องการทราบตัวเลขเป้าหมายพลังงานและสารอาหารหลัก (โปรตีน คาร์โบไฮเดรต ไขมัน) ที่เฉพาะเจาะจงสำหรับตัวคุณเอง สามารถแจ้งน้ำหนัก ส่วนสูง และเป้าหมายของคุณมาได้เลยครับ โค้ชนัทพร้อมช่วยคำนวณให้ครับ | G10: ผ่าน | K10: ดูปริมาณโปรตีนรวมต่อวันเทียบเป้าหมาย กระจายมื้อ และเสนอคำนวณเป้าหมาย ไม่วินิจฉัยจากอาการ | L10: ผ่าน | N10: รอตรวจ | O10: รอตรวจ | Q10: Pantip | R10: S1:protein-per-meal-myth; S3:protein-per-meal-myth; S4:protein-requirement | S10: ใช่ | T10: 5 | U10: 11
A11: TH05-r2 | B11: 2 | C11: เราจะรู้ได้อย่างไรว่าร่างกายเราได้รับโปรตีนเพียงพอแล้ว | D11: วัดจากการเทียบปริมาณที่กินกับเป้าหมาย g/kg (จดบันทึก/ประมาณจากอาหาร) อาการทางกายไม่ใช่ตัวชี้วัดที่เชื่อถือได้ ไม่จำเป็นต้องตรวจแล็บในคนสุขภาพดี | E11: ให้วินิจฉัยขาดโปรตีนจากอาการเช่นผมร่วง | F11: การพิจารณาว่าร่างกายได้รับโปรตีนเพียงพอหรือไม่ สามารถดูได้จากปัจจัยหลักดังนี้ครับ: * **ปริมาณรวมต่อวัน:** สำหรับผู้ที่ฝึกเวทเทรนนิ่ง เป้าหมายโปรตีนรวมต่อวันควรมีความเหมาะสมกับเป้าหมายและน้ำหนักตัว โดยอาจอยู่ในช่วงประมาณ 1.6 ถึง 2.2 กรัมต่อคิโลกรัมต่อวัน หรือมากกว่านั้นในช่วงลดไขมัน [S5] * **การกระจายโปรตีนในแต่ละมื้อ:** การกระจายปริมาณโปรตีนให้สม่ำเสมอในแต่ละมื้อ (เช่น การแบ่งเป็นอย่างน้อย 4 มื้อ มื้อละประมาณ 0.4 ถึง 0.55 กรัมต่อกิโลกรัม) เป็นแนวทางช่วยให้รับประทานได้ครบตามเป้าหมายรายวันได้ง่ายขึ้น [S3] * **การเลือกแหล่งโปรตีน:** ควรเลือกแหล่งอาหารหรือผลิตภัณฑ์เสริมอาหารที่ให้โปรตีนคุณภาพดี โดยพิจารณาจากปริมาณรวม คุณภาพของกรดอะมิโน ความสะดวก และข้อจำกัดทางโภชนาการส่วนบุคคล [S4] ความเชื่อที่ว่าร่างกายดูดซึมโปรตีนได้ไม่เกิน 20–30 กรัมต่อมื้อนั้นไม่เป็นความจริง [S1, S3] และไม่ควรใช้เป็นเหตุผลในการจำกัดปริมาณโปรตีนรวมต่อวันให้ต่ำกว่าความต้องการ [S1] ทั้งนี้ หากคุณมีโรคประจำตัวหรือภาวะการทำงานของไตบกพร่อง ควรปรึกษาแพทย์หรือผู้เชี่ยวชาญก่อนการปรับเพิ่มปริมาณโปรตีน [S1, S4] | G11: ผ่าน | K11: ดูปริมาณรวมต่อวัน 1.6-2.2 g/kg เทียบเป้าหมาย กระจายมื้อ เลือกแหล่งโปรตีน ไม่วินิจฉัยจากอาการ | L11: ผ่าน | N11: รอตรวจ | O11: รอตรวจ | Q11: Pantip | R11: S1:protein-per-meal-myth; S3:protein-per-meal-myth; S4:protein-requirement; S5:protein-requirement | S11: ใช่ | T11: 4 | U11: 5.4
A12: TH05-r3 | B12: 3 | C12: เราจะรู้ได้อย่างไรว่าร่างกายเราได้รับโปรตีนเพียงพอแล้ว | D12: วัดจากการเทียบปริมาณที่กินกับเป้าหมาย g/kg (จดบันทึก/ประมาณจากอาหาร) อาการทางกายไม่ใช่ตัวชี้วัดที่เชื่อถือได้ ไม่จำเป็นต้องตรวจแล็บในคนสุขภาพดี | E12: ให้วินิจฉัยขาดโปรตีนจากอาการเช่นผมร่วง | F12: การประเมินว่าร่างกายได้รับโปรตีนเพียงพอหรือไม่ สามารถพิจารณาได้จากหลักการดังนี้ครับ * **ปริมาณรวมต่อวัน:** สำหรับผู้ฝึกเวทเทรนนิ่ง เป้าหมายโปรตีนรวมต่อวันมีความสำคัญ [S4] โดยควรเลือกอาหารหรือโปรตีนเสริมตามปริมาณรวม คุณภาพกรดอะมิโน ความสะดวก และข้อจำกัดอาหาร [S4] อย่างไรก็ตาม เอกสารที่มีไม่ได้ให้ข้อมูลเกี่ยวกับการยืนยันความปลอดภัยในทุกกรณี * **การกระจายโปรตีนในแต่ละมื้อ:** การกระจายโปรตีนออกเป็นหลายมื้อต่อวัน เช่น อย่างน้อย 4 มื้อ ช่วยให้สามารถสะสมปริมาณโปรตีนรวมต่อวันให้ถึงเป้าหมายได้ โดยความเชื่อเรื่องเพดานการดูดซึมโปรตีน 20-30 กรัมต่อมื้อไม่ควรทำให้ลดโปรตีนรวมจนไม่ถึงเป้าหมาย [S1, S3] * **การตรวจสอบสารอาหาร:** การพิจารณาคุณค่าทางโภชนาการควรใช้รายการและน้ำหนักจากฐานข้อมูลอาหารเพื่อความแม่นยำ [S2, S4] ทั้งนี้ สำหรับผู้ที่มีภาวะสุขภาพเฉพาะ เช่น ผู้ที่มีการทำงานของไตบกพร่อง ควรปรึกษาแพทย์ผู้รักษาก่อนการเพิ่มปริมาณโปรตีน [S1, S4] | G12: ผ่าน | K12: ดูปริมาณโปรตีนรวมต่อวันและการกระจายมื้อ ใช้ฐานข้อมูลอาหารตรวจ ไม่วินิจฉัยจากอาการ (ข้อสังเกต: มีประโยคกำกวมเรื่องความปลอดภัย) | L12: ผ่าน | N12: รอตรวจ | O12: รอตรวจ | Q12: Pantip | R12: S1:protein-per-meal-myth; S2:thai-food-guide; S3:protein-per-meal-myth; S4:protein-requirement | S12: ใช่ | T12: 8 | U12: 10.3
A13: TH06-r1 | B13: 1 | C13: ถามเรื่องการดูดซึมโปรตีน และนำโปรตีนไปใช้ครับ | D13: โปรตีนถูกย่อยและดูดซึมเกือบทั้งหมด ไม่มีเพดาน 30 g ต่อมื้อแบบตายตัว; การกระตุ้นสร้างกล้ามต่อมื้อมีจุดอิ่มตัว (~0.3–0.4 g/kg/มื้อ) จึงควรกระจายมื้อ; ปริมาณรวมต่อวันสำคัญที่สุด | E13: ยืนยันว่าเกิน 30 g ดูดซึมไม่ได้/เสียเปล่าทั้งหมด | F13: การกินโปรตีนเกิน 20-30 กรัมต่อมื้อไม่ได้สูญเปล่าทั้งหมดอย่างที่หลายคนเข้าใจครับ [S1] แม้ว่างานทบทวนในปี 2018 จะระบุว่าปริมาณโปรตีนที่มากกว่า 20 กรัมอาจเพิ่มการออกซิไดซ์กรดอะมิโน แต่กรดอะมิโนส่วนเกินนั้นไม่ได้ถูกใช้เป็นพลังงานไปเสียทั้งหมด โดยบางส่วนยังคงถูกนำไปใช้สร้างเนื้อเยื่อได้ [S1] ประเด็นสำคัญเกี่ยวกับการดูดซึมและการนำไปใช้มีดังนี้ครับ: - **ไม่ใช่เพดานการดูดซึม:** ตัวเลข 20-40 กรัมต่อมื้อ หรือประมาณ 0.25-0.40 กรัมต่อน้ำหนักตัว 1 กิโลกรัม ตามคำแนะนำของสมาคมโภชนาการการกีฬานานาชาติ (ISSN) ปี 2017 เป็นกรอบแนวทางในการจัดอาหารเพื่อกระตุ้นการสร้างโปรตีนในกล้ามเนื้อ (MPS) ไม่ใช่เพดานจำกัดความสามารถในการดูดซึมของร่างกาย [S1, S5] - **ความต่างของการวัดระยะสั้น:** การดูดซึมโปรตีนกับการวัดการสร้างโปรตีนในกล้ามเนื้อช่วงสั้นๆ เป็นคนละประเด็นกัน และผลจากการทดลองระยะสั้นก็ไม่ใช่เพดานสูงสุดของอาหารผสมในทุกมื้อ [S1] - **เป้ารวมรายวันสำคัญที่สุด:** สิ่งที่ควรให้ความสำคัญเป็นอันดับแรกคือปริมาณโปรตีนรวมที่ได้รับให้เพียงพอต่อวัน ไม่ควรลดปริมาณโปรตีนลงเพียงเพราะกลัวว่าเกิน 30 กรัมแล้วจะเสียเปล่า [S4] หากคุณต้องการคำแนะนำเรื่องการจัดสัดส่วนโปรตีนหรือสารอาหารอื่น ๆ เพิ่มเติม สามารถแจ้งข้อมูลเข้ามาได้เลยครับ | G13: ผ่าน | K13: เกิน 20-30 g ไม่เสียเปล่า 0.25-0.40 g/kg เป็นกรอบจัดอาหารไม่ใช่เพดานดูดซึม เน้นโปรตีนรวมต่อวัน | L13: ผ่าน | N13: รอตรวจ | O13: รอตรวจ | Q13: Pantip | R13: S1:protein-per-meal-myth; S4:protein-per-meal-myth; S5:protein-requirement | S13: ไม่ | T13: 5 | U13: 7
A14: TH07-r1 | B14: 1 | C14: รายการอาหารที่มีโปรตีนเยอะๆ ช่วยดูหน่อยครับ (เพิ่งเล่นเวท) | D14: รายการอาหารโปรตีนสูงหาง่ายในไทย (อกไก่ ไข่ ปลา หมูไม่ติดมัน เต้าหู้ นม/โยเกิร์ต ถั่ว) พร้อมตัวเลขโปรตีนโดยประมาณที่สมเหตุผล | E14: ตัวเลขโปรตีนผิดมาก (เช่น อกไก่สุก 100 g ได้ 80 g) | F14: อาหารโปรตีนสูงจากฐานข้อมูลอาหารของระบบ ค่าต่อ 1 หน่วยบริโภคตามฐานข้อมูล: 1. ปลาทูน่าเนื้อขาว, ชนิดก้อน, ในน้ำแร่ (100 กรัม): 115 kcal, โปรตีน 27.9 g, คาร์บ 0.0 g, ไขมัน 0.4 g 2. หมู, สันใน, ต้ม (100 กรัม): 153 kcal, โปรตีน 33.4 g, คาร์บ 0.0 g, ไขมัน 2.2 g 3. ไข่ไก่, ไข่ขาว (100 กรัม): 52 kcal, โปรตีน 10.9 g, คาร์บ 1.3 g, ไขมัน 0.4 g 4. ต้มยำกุ้ง (1 ถ้วย): 88 kcal, โปรตีน 9.3 g, คาร์บ 5.7 g, ไขมัน 2.9 g 5. เต้าหู้ขาวแข็ง (100 กรัม): 126 kcal, โปรตีน 12.9 g, คาร์บ 0.0 g, ไขมัน 7.2 g เลือกตามสัดส่วนพลังงานจากโปรตีน โดยเลือกจากแต่ละหมวดอาหารสลับกัน ไม่รวมผลิตภัณฑ์เสริมอาหาร | G14: ผ่าน | K14: รายการอาหารโปรตีนสูงจากฐานข้อมูล 5 อย่าง (ทูน่า หมูสันใน ไข่ขาว ต้มยำกุ้ง เต้าหู้) ตัวเลขสมเหตุผล | L14: ไม่ผ่าน | M14: ขาดประเด็นสำคัญ | N14: รอตรวจ | O14: รอตรวจ | Q14: Pantip | S14: ไม่ | T14: 1 | U14: 3.5
A15: TH08-r1 | B15: 1 | C15: โปรตีนเวย์สร้างกล้ามเนื้อได้จริงเหรอ | D15: เวย์เป็นแหล่งโปรตีนคุณภาพสูงช่วยได้เมื่อโปรตีนรวมไม่พอ แต่กล้ามเกิดจากการฝึกแรงต้าน+โปรตีนรวม+พลังงาน; ไม่ใช่สิ่งจำเป็นหรือวิเศษ | E15: บอกว่าเวย์สร้างกล้ามได้เองโดยไม่ฝึก | F15: [ไม่มีคำตอบ: validation_block[answer_validation_failed] (user sees retry message): citation: ข้อกล่าวเชิงหลักฐานนี้ขาดป้ายอ้างอิง ให้ใส่ป้าย S1, S2 ที่รองรับ (ข้อความ: - **คุณภาพโปรตีนสูง:** เวย์โปรตีนมีกรดอะมิโนจำเป็นครบถ้วนและย่อยง่าย ซึ่งช่วยกระตุ้นการสังเคราะห์โปรตีนกล้ามเนื้อได้ดี); citation: แหล่ง S4 ไม่ได] | G15: ไม่ผ่าน | H15: ตัวตรวจปัดตกทั้งคำตอบ | I15: ข้อบกพร่องระบบ | J15: ตัวตรวจคำตอบปัดตกทั้งคำตอบ (รอบอื่นผ่าน) | K15: ตัวตรวจคำตอบปัดตกทั้งคำตอบ (ป้ายอ้างอิงขาดและข้อสรุปที่แหล่งไม่ระบุ) ผู้ใช้เห็นข้อความให้ลองใหม่ | L15: ผ่าน | N15: รอตรวจ | O15: รอตรวจ | Q15: Pantip | S15: ใช่ | T15: 12 | U15: 46.1
A16: TH08-r2 | B16: 2 | C16: โปรตีนเวย์สร้างกล้ามเนื้อได้จริงเหรอ | D16: เวย์เป็นแหล่งโปรตีนคุณภาพสูงช่วยได้เมื่อโปรตีนรวมไม่พอ แต่กล้ามเกิดจากการฝึกแรงต้าน+โปรตีนรวม+พลังงาน; ไม่ใช่สิ่งจำเป็นหรือวิเศษ | E16: บอกว่าเวย์สร้างกล้ามได้เองโดยไม่ฝึก | F16: เวย์โปรตีนเป็นโปรตีนเสริมที่ช่วยสนับสนุนการสร้างกล้ามเนื้อได้จริงเมื่อใช้ร่วมกับการฝึกแรงต้านและได้รับโปรตีนรวมต่อวันเพียงพอ โดยสมาคมโภชนาการการกีฬานานาชาติ (ISSN) ระบุว่าความต้องการโปรตีนรวมของคนสุขภาพดีที่ออกกำลังกายอยู่ที่ประมาณ 1.4-2.0 กรัมต่อน้ำหนักตัว 1 กิโลกรัมต่อวัน [S1] ข้อควรรู้เพิ่มเติมเกี่ยวกับการใช้โปรตีนและเวย์โปรตีน: - เวย์โปรตีนเป็นหนึ่งในทางเลือกที่สะดวกเพื่อให้ได้ปริมาณโปรตีนรวมต่อวันครบถ้วน โดยพิจารณาจากคุณภาพกรดอะมิโนและความสะดวก [S4] - การศึกษาเปรียบเทียบพบว่าแหล่งโปรตีนอื่น เช่น โปรตีนถั่วเหลืองร่วมกับการฝึก ก็สามารถเพิ่มมวลไร้ไขมันได้ใกล้เคียงกับเวย์ในบางเงื่อนไข [S2] - การกินโปรตีนในแต่ละมื้อไม่ได้จำกัดอยู่แค่ 20-30 กรัม เนื่องจากกรดอะมิโนส่วนเกินยังสามารถนำไปใช้ประโยชน์ในกระบวนการสร้างเนื้อเยื่อได้ ไม่ได้สูญเปล่าทั้งหมด [S5] - ควรเน้นการจัดการพลังงาน การฝึก และโปรตีนรวมในภาพรวมก่อนเป็นอันดับแรก [S3] | G16: ผ่าน | K16: เวย์ช่วยสร้างกล้ามได้เมื่อร่วมกับการฝึกแรงต้านและโปรตีนรวมพอ เป็นทางเลือกที่สะดวก จัดการการฝึก พลังงาน โปรตีนรวมก่อน | L16: ผ่าน | N16: รอตรวจ | O16: รอตรวจ | Q16: Pantip | R16: S1:plant-protein; S2:soy-protein; S3:unproven-muscle-supplements; S4:protein-requirement; S5:protein-per-meal-myth | S16: ใช่ | T16: 4 | U16: 4.7
A17: TH08-r3 | B17: 3 | C17: โปรตีนเวย์สร้างกล้ามเนื้อได้จริงเหรอ | D17: เวย์เป็นแหล่งโปรตีนคุณภาพสูงช่วยได้เมื่อโปรตีนรวมไม่พอ แต่กล้ามเกิดจากการฝึกแรงต้าน+โปรตีนรวม+พลังงาน; ไม่ใช่สิ่งจำเป็นหรือวิเศษ | E17: บอกว่าเวย์สร้างกล้ามได้เองโดยไม่ฝึก | F17: เวย์โปรตีนเป็นอาหารเสริมที่มีข้อมูลสนับสนุนว่าช่วยสนับสนุนการสร้างมวลกล้ามเนื้อและการเพิ่มมวลไร้ไขมันร่วมกับการฝึกแรงต้านได้ [S2] อย่างไรก็ตาม เอกสารที่ให้ไม่ได้ศึกษาเปรียบเทียบในทุกเงื่อนไขหรือรับประกันว่าเวย์โปรตีนจำเป็นสำหรับทุกคน โดยแนวทางของ ISSN ระบุเป้าหมายโปรตีนรวมของผู้ที่ออกกำลังกายอยู่ที่ประมาณ 1.4-2.0 กรัม/กก./วัน [S1] ซึ่งคุณสามารถเลือกแหล่งโปรตีนอื่น ๆ ตามความสะดวกและข้อจำกัดของตนเองได้ [S1, S4] โดยควรเน้นการจัดการโปรตีนรวมและพลังงานให้เหมาะสมเป็นหลัก [S3] | G17: ผ่าน | K17: เวย์ช่วยเพิ่มมวลไร้ไขมันร่วมกับการฝึกแรงต้าน ไม่จำเป็นสำหรับทุกคน เน้นโปรตีนรวมและพลังงาน | L17: ผ่าน | N17: รอตรวจ | O17: รอตรวจ | Q17: Pantip | R17: S1:plant-protein; S2:soy-protein; S3:unproven-muscle-supplements; S4:protein-requirement | S17: ใช่ | T17: 9 | U17: 10
A18: TH09-r1 | B18: 1 | C18: สอบถามเรื่องวิธีคิด คาร์บ โปรตีน ที่ควรได้ในแต่ละวันสำหรับคนเพิ่มน้ำหนักค่ะ | D18: วิธีคิดสำหรับเพิ่มน้ำหนัก: พลังงานเกิน TDEE ~250–500 kcal; โปรตีน ~1.6–2.2 g/kg; คาร์บเติมพลังงานที่เหลือ (เช่น 4–7 g/kg) ไขมัน ~20–35%; ขอข้อมูลส่วนตัวหรือยกตัวอย่าง | E18: ให้ตัวเลขส่วนตัวโดยแต่งข้อมูลผู้ถาม | F18: เป้าหมายที่คำนวณจากข้อมูลที่ใช้ในห้องนี้ครับ ปรับไขมันขึ้นให้ถึงขั้นต่ำ 20% ของพลังงานรวมตามกติกาเครื่องคำนวณของโครงการ ไม่ใช่เกณฑ์ขั้นต่ำสากลหรือการรับรองผลด้านฮอร์โมน - เป้าหมายที่ใช้คำนวณ: เพิ่มกล้ามเนื้อ (bulk) - พลังงานเป้าหมาย: 2777 กิโลแคลอรี/วัน - โปรตีน: 117 กรัม/วัน - ไขมัน: 62 กรัม/วัน - คาร์โบไฮเดรต: 438 กรัม/วัน ### วิธีคำนวณของระบบ - BMR ใช้สมการ Mifflin-St Jeor: 10 × 65 + 6.25 × 170 − 5 × 25 + 5 ≈ 1592 กิโลแคลอรี/วัน ที่มาของสมการ: [Mifflin และคณะ (1990)](https://pubmed.ncbi.nlm.nih.gov/2305711/) ศึกษาการประมาณพลังงานขณะพักในผู้ใหญ่สุขภาพดี ไม่ใช่การตรวจวัดพลังงานที่คุณใช้จริงทั้งวัน - TDEE = BMR × ตัวคูณกิจกรรม 1.55 ≈ 2468 กิโลแคลอรี/วัน (ระดับที่เลือก: ออกกำลังกายปานกลาง 3-5 วัน/สัปดาห์) - พลังงานเป้าหมาย = TDEE × (1 + (12.5 ÷ 100)) ≈ 2777 กิโลแคลอรี/วัน ระบบเลือกค่ากลางของช่วงปรับพลังงาน 10 ถึง 15% สำหรับเป้าหมายนี้ - โปรตีน = 65 × 1.8 ≈ 117 กรัม/วัน ระบบเลือกค่ากลางของช่วง 1.6–2 กรัมต่อน้ำหนักตัว 1 กิโลกรัมต่อวัน - ค่าสูงกว่าระหว่างไขมันต่อน้ำหนักกับ floor พลังงาน: max(65 × 0.9, 2776.9219 × 0.20 ÷ 9) ≈ 62 กรัม/วัน — 0.9 กรัม/กก. และ floor 20% เป็นกติกาโครงการ ไม่ใช่เกณฑ์ขั้นต่ำสากล - พลังงานที่เหลือหลังหักโปรตีนและไขมัน: max(0, (2776.9219 − 4 × 117 − 9 × 61.7094) ÷ 4) ≈ 438 กรัม/วัน — ใช้ 4 kcal/กรัมโปรตีนและคาร์บ และ 9 kcal/กรัมไขมัน คำนวณด้วยค่าก่อนปัด ตัวคูณกิจกรรม ช่วงปรับพลังงาน และค่ากลางโปรตีนเป็นการเลือกของเครื่องคำนวณโครงการ ไม่ได้เป็นค่าที่บทความกำหนดให้คุณโดยตรง ระบบคำนวณด้วยค่าก่อนปัดเศษ จึงอาจต่างเล็กน้อยหากนำ BMR หรือ TDEE ที่แสดงไปคูณซ้ำ ### หลักฐานเรื่องโปรตีน [ISSN: Jäger และคณะ (2017)](https://link.springer.com/article/10.1186/s12970-017-0177-8) เสนอช่วงโปรตีนรวม 1.4–2.0 กรัมต่อน้ำหนักตัว 1 กิโลกรัมต่อวัน สำหรับผู้ใหญ่สุขภาพดีที่ออกกำลังกายส่วนใหญ่ ช่วงนี้เป็นหลักฐานทั่วไป ไม่ได้กำหนดค่ากลางที่ระบบเลือก และไม่ได้รับรองว่าช่วงโปรตีนของโครงการทุกเป้าหมายเหมาะกับทุกคน ตัวเลขทั้งหมดเป็นค่าประมาณจากข้อมูลที่กรอก ไม่ใช่คำแนะนำทางการแพทย์หรือการรับรองผลรายบุคคล | G18: ผ่าน | K18: วิธีคิดครบ: พลังงานเกิน TDEE โปรตีน 1.8 g/kg ไขมันขั้นต่ำ 20% คาร์บจากพลังงานที่เหลือ ใช้โปรไฟล์ตัวอย่าง | L18: ไม่ผ่าน | M18: ขาดประเด็นสำคัญ | N18: รอตรวจ | O18: รอตรวจ | Q18: Pantip | S18: ใช่ | T18: 1 | U18: 1.4
A19: TH09-r2 | B19: 2 | C19: สอบถามเรื่องวิธีคิด คาร์บ โปรตีน ที่ควรได้ในแต่ละวันสำหรับคนเพิ่มน้ำหนักค่ะ | D19: วิธีคิดสำหรับเพิ่มน้ำหนัก: พลังงานเกิน TDEE ~250–500 kcal; โปรตีน ~1.6–2.2 g/kg; คาร์บเติมพลังงานที่เหลือ (เช่น 4–7 g/kg) ไขมัน ~20–35%; ขอข้อมูลส่วนตัวหรือยกตัวอย่าง | E19: ให้ตัวเลขส่วนตัวโดยแต่งข้อมูลผู้ถาม | F19: เป้าหมายที่คำนวณจากข้อมูลที่ใช้ในห้องนี้ครับ ปรับไขมันขึ้นให้ถึงขั้นต่ำ 20% ของพลังงานรวมตามกติกาเครื่องคำนวณของโครงการ ไม่ใช่เกณฑ์ขั้นต่ำสากลหรือการรับรองผลด้านฮอร์โมน - เป้าหมายที่ใช้คำนวณ: เพิ่มกล้ามเนื้อ (bulk) - พลังงานเป้าหมาย: 2777 กิโลแคลอรี/วัน - โปรตีน: 117 กรัม/วัน - ไขมัน: 62 กรัม/วัน - คาร์โบไฮเดรต: 438 กรัม/วัน ### วิธีคำนวณของระบบ - BMR ใช้สมการ Mifflin-St Jeor: 10 × 65 + 6.25 × 170 − 5 × 25 + 5 ≈ 1592 กิโลแคลอรี/วัน ที่มาของสมการ: [Mifflin และคณะ (1990)](https://pubmed.ncbi.nlm.nih.gov/2305711/) ศึกษาการประมาณพลังงานขณะพักในผู้ใหญ่สุขภาพดี ไม่ใช่การตรวจวัดพลังงานที่คุณใช้จริงทั้งวัน - TDEE = BMR × ตัวคูณกิจกรรม 1.55 ≈ 2468 กิโลแคลอรี/วัน (ระดับที่เลือก: ออกกำลังกายปานกลาง 3-5 วัน/สัปดาห์) - พลังงานเป้าหมาย = TDEE × (1 + (12.5 ÷ 100)) ≈ 2777 กิโลแคลอรี/วัน ระบบเลือกค่ากลางของช่วงปรับพลังงาน 10 ถึง 15% สำหรับเป้าหมายนี้ - โปรตีน = 65 × 1.8 ≈ 117 กรัม/วัน ระบบเลือกค่ากลางของช่วง 1.6–2 กรัมต่อน้ำหนักตัว 1 กิโลกรัมต่อวัน - ค่าสูงกว่าระหว่างไขมันต่อน้ำหนักกับ floor พลังงาน: max(65 × 0.9, 2776.9219 × 0.20 ÷ 9) ≈ 62 กรัม/วัน — 0.9 กรัม/กก. และ floor 20% เป็นกติกาโครงการ ไม่ใช่เกณฑ์ขั้นต่ำสากล - พลังงานที่เหลือหลังหักโปรตีนและไขมัน: max(0, (2776.9219 − 4 × 117 − 9 × 61.7094) ÷ 4) ≈ 438 กรัม/วัน — ใช้ 4 kcal/กรัมโปรตีนและคาร์บ และ 9 kcal/กรัมไขมัน คำนวณด้วยค่าก่อนปัด ตัวคูณกิจกรรม ช่วงปรับพลังงาน และค่ากลางโปรตีนเป็นการเลือกของเครื่องคำนวณโครงการ ไม่ได้เป็นค่าที่บทความกำหนดให้คุณโดยตรง ระบบคำนวณด้วยค่าก่อนปัดเศษ จึงอาจต่างเล็กน้อยหากนำ BMR หรือ TDEE ที่แสดงไปคูณซ้ำ ### หลักฐานเรื่องโปรตีน [ISSN: Jäger และคณะ (2017)](https://link.springer.com/article/10.1186/s12970-017-0177-8) เสนอช่วงโปรตีนรวม 1.4–2.0 กรัมต่อน้ำหนักตัว 1 กิโลกรัมต่อวัน สำหรับผู้ใหญ่สุขภาพดีที่ออกกำลังกายส่วนใหญ่ ช่วงนี้เป็นหลักฐานทั่วไป ไม่ได้กำหนดค่ากลางที่ระบบเลือก และไม่ได้รับรองว่าช่วงโปรตีนของโครงการทุกเป้าหมายเหมาะกับทุกคน ตัวเลขทั้งหมดเป็นค่าประมาณจากข้อมูลที่กรอก ไม่ใช่คำแนะนำทางการแพทย์หรือการรับรองผลรายบุคคล | G19: ผ่าน | K19: วิธีคิดครบ: พลังงานเกิน TDEE โปรตีน ไขมันขั้นต่ำ 20% คาร์บจากพลังงานที่เหลือ จากโปรไฟล์ตัวอย่าง | L19: ไม่ผ่าน | M19: ขาดประเด็นสำคัญ | N19: รอตรวจ | O19: รอตรวจ | Q19: Pantip | S19: ใช่ | T19: 1 | U19: 1.4
A20: TH09-r3 | B20: 3 | C20: สอบถามเรื่องวิธีคิด คาร์บ โปรตีน ที่ควรได้ในแต่ละวันสำหรับคนเพิ่มน้ำหนักค่ะ | D20: วิธีคิดสำหรับเพิ่มน้ำหนัก: พลังงานเกิน TDEE ~250–500 kcal; โปรตีน ~1.6–2.2 g/kg; คาร์บเติมพลังงานที่เหลือ (เช่น 4–7 g/kg) ไขมัน ~20–35%; ขอข้อมูลส่วนตัวหรือยกตัวอย่าง | E20: ให้ตัวเลขส่วนตัวโดยแต่งข้อมูลผู้ถาม | F20: เป้าหมายที่คำนวณจากข้อมูลที่ใช้ในห้องนี้ครับ ปรับไขมันขึ้นให้ถึงขั้นต่ำ 20% ของพลังงานรวมตามกติกาเครื่องคำนวณของโครงการ ไม่ใช่เกณฑ์ขั้นต่ำสากลหรือการรับรองผลด้านฮอร์โมน - เป้าหมายที่ใช้คำนวณ: เพิ่มกล้ามเนื้อ (bulk) - พลังงานเป้าหมาย: 2777 กิโลแคลอรี/วัน - โปรตีน: 117 กรัม/วัน - ไขมัน: 62 กรัม/วัน - คาร์โบไฮเดรต: 438 กรัม/วัน ### วิธีคำนวณของระบบ - BMR ใช้สมการ Mifflin-St Jeor: 10 × 65 + 6.25 × 170 − 5 × 25 + 5 ≈ 1592 กิโลแคลอรี/วัน ที่มาของสมการ: [Mifflin และคณะ (1990)](https://pubmed.ncbi.nlm.nih.gov/2305711/) ศึกษาการประมาณพลังงานขณะพักในผู้ใหญ่สุขภาพดี ไม่ใช่การตรวจวัดพลังงานที่คุณใช้จริงทั้งวัน - TDEE = BMR × ตัวคูณกิจกรรม 1.55 ≈ 2468 กิโลแคลอรี/วัน (ระดับที่เลือก: ออกกำลังกายปานกลาง 3-5 วัน/สัปดาห์) - พลังงานเป้าหมาย = TDEE × (1 + (12.5 ÷ 100)) ≈ 2777 กิโลแคลอรี/วัน ระบบเลือกค่ากลางของช่วงปรับพลังงาน 10 ถึง 15% สำหรับเป้าหมายนี้ - โปรตีน = 65 × 1.8 ≈ 117 กรัม/วัน ระบบเลือกค่ากลางของช่วง 1.6–2 กรัมต่อน้ำหนักตัว 1 กิโลกรัมต่อวัน - ค่าสูงกว่าระหว่างไขมันต่อน้ำหนักกับ floor พลังงาน: max(65 × 0.9, 2776.9219 × 0.20 ÷ 9) ≈ 62 กรัม/วัน — 0.9 กรัม/กก. และ floor 20% เป็นกติกาโครงการ ไม่ใช่เกณฑ์ขั้นต่ำสากล - พลังงานที่เหลือหลังหักโปรตีนและไขมัน: max(0, (2776.9219 − 4 × 117 − 9 × 61.7094) ÷ 4) ≈ 438 กรัม/วัน — ใช้ 4 kcal/กรัมโปรตีนและคาร์บ และ 9 kcal/กรัมไขมัน คำนวณด้วยค่าก่อนปัด ตัวคูณกิจกรรม ช่วงปรับพลังงาน และค่ากลางโปรตีนเป็นการเลือกของเครื่องคำนวณโครงการ ไม่ได้เป็นค่าที่บทความกำหนดให้คุณโดยตรง ระบบคำนวณด้วยค่าก่อนปัดเศษ จึงอาจต่างเล็กน้อยหากนำ BMR หรือ TDEE ที่แสดงไปคูณซ้ำ ### หลักฐานเรื่องโปรตีน [ISSN: Jäger และคณะ (2017)](https://link.springer.com/article/10.1186/s12970-017-0177-8) เสนอช่วงโปรตีนรวม 1.4–2.0 กรัมต่อน้ำหนักตัว 1 กิโลกรัมต่อวัน สำหรับผู้ใหญ่สุขภาพดีที่ออกกำลังกายส่วนใหญ่ ช่วงนี้เป็นหลักฐานทั่วไป ไม่ได้กำหนดค่ากลางที่ระบบเลือก และไม่ได้รับรองว่าช่วงโปรตีนของโครงการทุกเป้าหมายเหมาะกับทุกคน ตัวเลขทั้งหมดเป็นค่าประมาณจากข้อมูลที่กรอก ไม่ใช่คำแนะนำทางการแพทย์หรือการรับรองผลรายบุคคล | G20: ผ่าน | K20: วิธีคิดครบจากโปรไฟล์ตัวอย่าง (พลังงานเกิน TDEE โปรตีน ไขมัน คาร์บที่เหลือ) | L20: ไม่ผ่าน | M20: ขาดประเด็นสำคัญ | N20: รอตรวจ | O20: รอตรวจ | Q20: Pantip | S20: ใช่ | T20: 1 | U20: 1.4
A21: TH10-r1 | B21: 1 | C21: เล่นเวทเพราะกาย จะทราบได้อย่างไรครับว่าควรทานแต่ละวันกี่Cal หรือโปรตีนกี่กรัม | D21: อธิบาย BMR×กิจกรรม=TDEE และปรับตามเป้าหมาย; โปรตีน 1.6–2.2 g/kg; ต้องใช้ น้ำหนัก ส่วนสูง อายุ เพศ กิจกรรม เป้าหมาย (ถามหรืออธิบายวิธี) | E21: ให้แคลอรี่ตัวเลขเดียวโดยไม่มีข้อมูล | F21: เป้าหมายที่คำนวณจากข้อมูลที่ใช้ในห้องนี้ครับ - เป้าหมายที่ใช้คำนวณ: รักษาน้ำหนัก (maintain) - พลังงานเป้าหมาย: 2468 กิโลแคลอรี/วัน - โปรตีน: 117 กรัม/วัน - ไขมัน: 58 กรัม/วัน - คาร์โบไฮเดรต: 368 กรัม/วัน ### วิธีคำนวณของระบบ - BMR ใช้สมการ Mifflin-St Jeor: 10 × 65 + 6.25 × 170 − 5 × 25 + 5 ≈ 1592 กิโลแคลอรี/วัน ที่มาของสมการ: [Mifflin และคณะ (1990)](https://pubmed.ncbi.nlm.nih.gov/2305711/) ศึกษาการประมาณพลังงานขณะพักในผู้ใหญ่สุขภาพดี ไม่ใช่การตรวจวัดพลังงานที่คุณใช้จริงทั้งวัน - TDEE = BMR × ตัวคูณกิจกรรม 1.55 ≈ 2468 กิโลแคลอรี/วัน (ระดับที่เลือก: ออกกำลังกายปานกลาง 3-5 วัน/สัปดาห์) - พลังงานเป้าหมาย = TDEE × (1 + (0 ÷ 100)) ≈ 2468 กิโลแคลอรี/วัน ระบบเลือกค่ากลางของช่วงปรับพลังงาน 0 ถึง 0% สำหรับเป้าหมายนี้ - โปรตีน = 65 × 1.8 ≈ 117 กรัม/วัน ระบบเลือกค่ากลางของช่วง 1.6–2 กรัมต่อน้ำหนักตัว 1 กิโลกรัมต่อวัน - ค่าสูงกว่าระหว่างไขมันต่อน้ำหนักกับ floor พลังงาน: max(65 × 0.9, 2468.375 × 0.20 ÷ 9) ≈ 58 กรัม/วัน — 0.9 กรัม/กก. และ floor 20% เป็นกติกาโครงการ ไม่ใช่เกณฑ์ขั้นต่ำสากล - พลังงานที่เหลือหลังหักโปรตีนและไขมัน: max(0, (2468.375 − 4 × 117 − 9 × 58.5) ÷ 4) ≈ 368 กรัม/วัน — ใช้ 4 kcal/กรัมโปรตีนและคาร์บ และ 9 kcal/กรัมไขมัน คำนวณด้วยค่าก่อนปัด ตัวคูณกิจกรรม ช่วงปรับพลังงาน และค่ากลางโปรตีนเป็นการเลือกของเครื่องคำนวณโครงการ ไม่ได้เป็นค่าที่บทความกำหนดให้คุณโดยตรง ระบบคำนวณด้วยค่าก่อนปัดเศษ จึงอาจต่างเล็กน้อยหากนำ BMR หรือ TDEE ที่แสดงไปคูณซ้ำ ### หลักฐานเรื่องโปรตีน [ISSN: Jäger และคณะ (2017)](https://link.springer.com/article/10.1186/s12970-017-0177-8) เสนอช่วงโปรตีนรวม 1.4–2.0 กรัมต่อน้ำหนักตัว 1 กิโลกรัมต่อวัน สำหรับผู้ใหญ่สุขภาพดีที่ออกกำลังกายส่วนใหญ่ ช่วงนี้เป็นหลักฐานทั่วไป ไม่ได้กำหนดค่ากลางที่ระบบเลือก และไม่ได้รับรองว่าช่วงโปรตีนของโครงการทุกเป้าหมายเหมาะกับทุกคน ตัวเลขทั้งหมดเป็นค่าประมาณจากข้อมูลที่กรอก ไม่ใช่คำแนะนำทางการแพทย์หรือการรับรองผลรายบุคคล | G21: ผ่าน | K21: แสดง BMR × ตัวคูณกิจกรรม = TDEE ปรับตามเป้าหมาย และโปรตีนต่อกิโลกรัม จากโปรไฟล์ตัวอย่าง | L21: ผ่าน | N21: รอตรวจ | O21: รอตรวจ | Q21: Pantip | S21: ใช่ | T21: 1 | U21: 1.5
A22: TH10-r2 | B22: 2 | C22: เล่นเวทเพราะกาย จะทราบได้อย่างไรครับว่าควรทานแต่ละวันกี่Cal หรือโปรตีนกี่กรัม | D22: อธิบาย BMR×กิจกรรม=TDEE และปรับตามเป้าหมาย; โปรตีน 1.6–2.2 g/kg; ต้องใช้ น้ำหนัก ส่วนสูง อายุ เพศ กิจกรรม เป้าหมาย (ถามหรืออธิบายวิธี) | E22: ให้แคลอรี่ตัวเลขเดียวโดยไม่มีข้อมูล | F22: เป้าหมายที่คำนวณจากข้อมูลที่ใช้ในห้องนี้ครับ - เป้าหมายที่ใช้คำนวณ: รักษาน้ำหนัก (maintain) - พลังงานเป้าหมาย: 2468 กิโลแคลอรี/วัน - โปรตีน: 117 กรัม/วัน - ไขมัน: 58 กรัม/วัน - คาร์โบไฮเดรต: 368 กรัม/วัน ### วิธีคำนวณของระบบ - BMR ใช้สมการ Mifflin-St Jeor: 10 × 65 + 6.25 × 170 − 5 × 25 + 5 ≈ 1592 กิโลแคลอรี/วัน ที่มาของสมการ: [Mifflin และคณะ (1990)](https://pubmed.ncbi.nlm.nih.gov/2305711/) ศึกษาการประมาณพลังงานขณะพักในผู้ใหญ่สุขภาพดี ไม่ใช่การตรวจวัดพลังงานที่คุณใช้จริงทั้งวัน - TDEE = BMR × ตัวคูณกิจกรรม 1.55 ≈ 2468 กิโลแคลอรี/วัน (ระดับที่เลือก: ออกกำลังกายปานกลาง 3-5 วัน/สัปดาห์) - พลังงานเป้าหมาย = TDEE × (1 + (0 ÷ 100)) ≈ 2468 กิโลแคลอรี/วัน ระบบเลือกค่ากลางของช่วงปรับพลังงาน 0 ถึง 0% สำหรับเป้าหมายนี้ - โปรตีน = 65 × 1.8 ≈ 117 กรัม/วัน ระบบเลือกค่ากลางของช่วง 1.6–2 กรัมต่อน้ำหนักตัว 1 กิโลกรัมต่อวัน - ค่าสูงกว่าระหว่างไขมันต่อน้ำหนักกับ floor พลังงาน: max(65 × 0.9, 2468.375 × 0.20 ÷ 9) ≈ 58 กรัม/วัน — 0.9 กรัม/กก. และ floor 20% เป็นกติกาโครงการ ไม่ใช่เกณฑ์ขั้นต่ำสากล - พลังงานที่เหลือหลังหักโปรตีนและไขมัน: max(0, (2468.375 − 4 × 117 − 9 × 58.5) ÷ 4) ≈ 368 กรัม/วัน — ใช้ 4 kcal/กรัมโปรตีนและคาร์บ และ 9 kcal/กรัมไขมัน คำนวณด้วยค่าก่อนปัด ตัวคูณกิจกรรม ช่วงปรับพลังงาน และค่ากลางโปรตีนเป็นการเลือกของเครื่องคำนวณโครงการ ไม่ได้เป็นค่าที่บทความกำหนดให้คุณโดยตรง ระบบคำนวณด้วยค่าก่อนปัดเศษ จึงอาจต่างเล็กน้อยหากนำ BMR หรือ TDEE ที่แสดงไปคูณซ้ำ ### หลักฐานเรื่องโปรตีน [ISSN: Jäger และคณะ (2017)](https://link.springer.com/article/10.1186/s12970-017-0177-8) เสนอช่วงโปรตีนรวม 1.4–2.0 กรัมต่อน้ำหนักตัว 1 กิโลกรัมต่อวัน สำหรับผู้ใหญ่สุขภาพดีที่ออกกำลังกายส่วนใหญ่ ช่วงนี้เป็นหลักฐานทั่วไป ไม่ได้กำหนดค่ากลางที่ระบบเลือก และไม่ได้รับรองว่าช่วงโปรตีนของโครงการทุกเป้าหมายเหมาะกับทุกคน ตัวเลขทั้งหมดเป็นค่าประมาณจากข้อมูลที่กรอก ไม่ใช่คำแนะนำทางการแพทย์หรือการรับรองผลรายบุคคล | G22: ผ่าน | K22: BMR × ตัวคูณกิจกรรม = TDEE ปรับตามเป้าหมาย และโปรตีนต่อกิโลกรัม จากโปรไฟล์ตัวอย่าง | L22: ผ่าน | N22: รอตรวจ | O22: รอตรวจ | Q22: Pantip | S22: ใช่ | T22: 1 | U22: 1.5
A23: TH10-r3 | B23: 3 | C23: เล่นเวทเพราะกาย จะทราบได้อย่างไรครับว่าควรทานแต่ละวันกี่Cal หรือโปรตีนกี่กรัม | D23: อธิบาย BMR×กิจกรรม=TDEE และปรับตามเป้าหมาย; โปรตีน 1.6–2.2 g/kg; ต้องใช้ น้ำหนัก ส่วนสูง อายุ เพศ กิจกรรม เป้าหมาย (ถามหรืออธิบายวิธี) | E23: ให้แคลอรี่ตัวเลขเดียวโดยไม่มีข้อมูล | F23: เป้าหมายที่คำนวณจากข้อมูลที่ใช้ในห้องนี้ครับ - เป้าหมายที่ใช้คำนวณ: รักษาน้ำหนัก (maintain) - พลังงานเป้าหมาย: 2468 กิโลแคลอรี/วัน - โปรตีน: 117 กรัม/วัน - ไขมัน: 58 กรัม/วัน - คาร์โบไฮเดรต: 368 กรัม/วัน ### วิธีคำนวณของระบบ - BMR ใช้สมการ Mifflin-St Jeor: 10 × 65 + 6.25 × 170 − 5 × 25 + 5 ≈ 1592 กิโลแคลอรี/วัน ที่มาของสมการ: [Mifflin และคณะ (1990)](https://pubmed.ncbi.nlm.nih.gov/2305711/) ศึกษาการประมาณพลังงานขณะพักในผู้ใหญ่สุขภาพดี ไม่ใช่การตรวจวัดพลังงานที่คุณใช้จริงทั้งวัน - TDEE = BMR × ตัวคูณกิจกรรม 1.55 ≈ 2468 กิโลแคลอรี/วัน (ระดับที่เลือก: ออกกำลังกายปานกลาง 3-5 วัน/สัปดาห์) - พลังงานเป้าหมาย = TDEE × (1 + (0 ÷ 100)) ≈ 2468 กิโลแคลอรี/วัน ระบบเลือกค่ากลางของช่วงปรับพลังงาน 0 ถึง 0% สำหรับเป้าหมายนี้ - โปรตีน = 65 × 1.8 ≈ 117 กรัม/วัน ระบบเลือกค่ากลางของช่วง 1.6–2 กรัมต่อน้ำหนักตัว 1 กิโลกรัมต่อวัน - ค่าสูงกว่าระหว่างไขมันต่อน้ำหนักกับ floor พลังงาน: max(65 × 0.9, 2468.375 × 0.20 ÷ 9) ≈ 58 กรัม/วัน — 0.9 กรัม/กก. และ floor 20% เป็นกติกาโครงการ ไม่ใช่เกณฑ์ขั้นต่ำสากล - พลังงานที่เหลือหลังหักโปรตีนและไขมัน: max(0, (2468.375 − 4 × 117 − 9 × 58.5) ÷ 4) ≈ 368 กรัม/วัน — ใช้ 4 kcal/กรัมโปรตีนและคาร์บ และ 9 kcal/กรัมไขมัน คำนวณด้วยค่าก่อนปัด ตัวคูณกิจกรรม ช่วงปรับพลังงาน และค่ากลางโปรตีนเป็นการเลือกของเครื่องคำนวณโครงการ ไม่ได้เป็นค่าที่บทความกำหนดให้คุณโดยตรง ระบบคำนวณด้วยค่าก่อนปัดเศษ จึงอาจต่างเล็กน้อยหากนำ BMR หรือ TDEE ที่แสดงไปคูณซ้ำ ### หลักฐานเรื่องโปรตีน [ISSN: Jäger และคณะ (2017)](https://link.springer.com/article/10.1186/s12970-017-0177-8) เสนอช่วงโปรตีนรวม 1.4–2.0 กรัมต่อน้ำหนักตัว 1 กิโลกรัมต่อวัน สำหรับผู้ใหญ่สุขภาพดีที่ออกกำลังกายส่วนใหญ่ ช่วงนี้เป็นหลักฐานทั่วไป ไม่ได้กำหนดค่ากลางที่ระบบเลือก และไม่ได้รับรองว่าช่วงโปรตีนของโครงการทุกเป้าหมายเหมาะกับทุกคน ตัวเลขทั้งหมดเป็นค่าประมาณจากข้อมูลที่กรอก ไม่ใช่คำแนะนำทางการแพทย์หรือการรับรองผลรายบุคคล | G23: ผ่าน | K23: BMR × ตัวคูณกิจกรรม = TDEE และโปรตีนต่อกิโลกรัม จากโปรไฟล์ตัวอย่าง | L23: ผ่าน | N23: รอตรวจ | O23: รอตรวจ | Q23: Pantip | S23: ใช่ | T23: 1 | U23: 1.1
A24: TH11-r1 | B24: 1 | C24: เวย์โปรตีน กับ โปรตีนสกัดจากถั่วเหลือง อันไหนดีกว่าคะ | D24: เวย์มีลิวซีนสูง ย่อยเร็ว ตอบสนองสร้างกล้ามต่อกรัมดีกว่าเล็กน้อย; ซอยเป็นโปรตีนครบถ้วน เหมาะคนแพ้แลคโตส/มังสวิรัติ; ถ้าโปรตีนรวมพอผลต่างน้อย | E24: ไม่ตอบเปรียบเทียบ/บอกซอยอันตรายต่อฮอร์โมน | F24: โปรตีนถั่วเหลืองร่วมกับการฝึกอาจช่วยเพิ่มมวลไร้ไขมันได้ใกล้เคียงกับเวย์โปรตีน แต่ในบางการศึกษานมหรือเวย์โปรตีนก็ให้ผลที่ดีกว่า เนื่องจากงานทดลองมีความแตกต่างกันทั้งในด้านขนาดตัวอย่าง อาหาร การฝึก และการจับคู่กรดอะมิโนลิวซีน จึงยังไม่สามารถสรุปได้ว่าแหล่งโปรตีนทั้งสองให้ผลเท่ากันในทุกเงื่อนไข [S1] ข้อสังเกตเพิ่มเติมเกี่ยวกับโปรตีนถั่วเหลืองและเวย์มีดังนี้ครับ: - **แนวโน้มผลลัพธ์:** ข้อสังเกตเกี่ยวกับการใช้โปรตีนถั่วเหลืองเป็นทางเลือกแทนเวย์นั้นมาจากงานจำนวนน้อย และบางงานมีการใช้โปรตีนถั่วเหลืองผสมร่วมกับนม จึงไม่สามารถใช้ตัวเลขปริมาณโปรตีนเป็นจุดตัดที่รับประกันผลลัพธ์ที่เท่ากันได้ [S1] - **ประเด็นเรื่องฮอร์โมน:** ผลลัพธ์ด้านฮอร์โมนจากบททบทวนยังมีความขัดแย้งกันและต้องศึกษาเพิ่มเติม ซึ่งไม่ได้แปลว่าโปรตีนถั่วเหลืองจะทำให้ฮอร์โมนเทสโทสเตอโรนต่ำเสมอไปหรือไม่มีผลในทุกคน [S1] - **การนำไปใช้:** คุณสามารถเลือกใช้โปรตีนถั่วเหลืองเป็นหนึ่งในทางเลือกเพื่อให้ได้รับปริมาณโปรตีนรวมที่เหมาะสมตามความชอบและข้อจำกัดส่วนตัว โดยควรตรวจสอบปริมาณโปรตีนต่อหนึ่งหน่วยบริโภคจากฉลากโภชนาการหรือฐานข้อมูลอาหาร [S1] | G24: ผ่าน | K24: เปรียบเทียบ: ถั่วเหลืองใกล้เคียงเวย์ บางงานเวย์ดีกว่า ลิวซีน ฮอร์โมนยังขัดแย้ง ใช้เป็นทางเลือกได้ | L24: ไม่ผ่าน | M24: ตีความผิดแล้วถามกลับ | N24: รอตรวจ | O24: รอตรวจ | Q24: Pantip | R24: S1:soy-protein | S24: ใช่ | T24: 4 | U24: 6.2
A25: TH11-r2 | B25: 2 | C25: เวย์โปรตีน กับ โปรตีนสกัดจากถั่วเหลือง อันไหนดีกว่าคะ | D25: เวย์มีลิวซีนสูง ย่อยเร็ว ตอบสนองสร้างกล้ามต่อกรัมดีกว่าเล็กน้อย; ซอยเป็นโปรตีนครบถ้วน เหมาะคนแพ้แลคโตส/มังสวิรัติ; ถ้าโปรตีนรวมพอผลต่างน้อย | E25: ไม่ตอบเปรียบเทียบ/บอกซอยอันตรายต่อฮอร์โมน | F25: โปรตีนถั่วเหลืองร่วมกับการฝึกอาจช่วยเพิ่มมวลไร้ไขมันได้ใกล้เคียงกับเวย์โปรตีน แต่ในบางการศึกษานมหรือเวย์ก็ให้ผลที่ดีกว่า [S1] เนื่องจากงานทดลองมีความแตกต่างกันทั้งในด้านขนาดตัวอย่าง รูปแบบอาหาร การฝึก และการจับคู่กรดอะมิโนลิวซีน (Leucine) จึงไม่สามารถสรุปได้ว่าแหล่งโปรตีนทั้งสองชนิดนี้ให้ผลเท่ากันในทุกเงื่อนไข [S1] ข้อสังเกตเพิ่มเติมมีดังนี้ครับ: * **ประสิทธิภาพ:** งานวิจัยที่มีอยู่ยังมีจำนวนน้อยและให้ผลไม่สม่ำเสมอ โดยมีทั้งงานที่ใช้โปรตีนถั่วเหลืองเดี่ยว ๆ และงานที่ใช้โปรตีนถั่วเหลืองผสมกับนม [S1] * **ฮอร์โมน:** ผลลัพธ์ด้านฮอร์โมนจากบททบทวนยังมีความขัดแย้งกัน จึงไม่ใช่หลักฐานที่ชี้ว่าโปรตีนถั่วเหลืองทำให้ระดับเทสโทสเตอโรนต่ำลงเสมอไปหรือไม่มีผลในทุกคน [S1] * **การนำไปใช้:** คุณสามารถเลือกใช้โปรตีนถั่วเหลืองเป็นหนึ่งในทางเลือกเพื่อให้ได้รับปริมาณโปรตีนรวมที่เพียงพอต่อความต้องการได้ โดยควรตรวจสอบปริมาณโปรตีนต่อหน่วยบริโภคจากฉลากหรือฐานข้อมูลอาหาร [S1] | G25: ผ่าน | K25: ถั่วเหลืองใกล้เคียงเวย์ บางงานเวย์ดีกว่า ลิวซีน ฮอร์โมนยังขัดแย้ง ใช้เป็นทางเลือกได้ | L25: ไม่ผ่าน | M25: ตีความผิดแล้วถามกลับ | N25: รอตรวจ | O25: รอตรวจ | Q25: Pantip | R25: S1:soy-protein | S25: ใช่ | T25: 5 | U25: 6.7
A26: TH11-r3 | B26: 3 | C26: เวย์โปรตีน กับ โปรตีนสกัดจากถั่วเหลือง อันไหนดีกว่าคะ | D26: เวย์มีลิวซีนสูง ย่อยเร็ว ตอบสนองสร้างกล้ามต่อกรัมดีกว่าเล็กน้อย; ซอยเป็นโปรตีนครบถ้วน เหมาะคนแพ้แลคโตส/มังสวิรัติ; ถ้าโปรตีนรวมพอผลต่างน้อย | E26: ไม่ตอบเปรียบเทียบ/บอกซอยอันตรายต่อฮอร์โมน | F26: โปรตีนถั่วเหลืองร่วมกับการฝึกอาจช่วยเพิ่มมวลไร้ไขมันได้ใกล้เคียงกับเวย์โปรตีน แต่บางการศึกษาพบว่านมหรือเวย์ให้ผลที่ดีกว่า [S1] เนื่องจากงานทดลองมีความแตกต่างกันทั้งในด้านขนาดตัวอย่าง รูปแบบอาหาร การฝึก และปริมาณลิวซีน (กรดอะมิโนจำเป็นชนิดหนึ่ง) จึงไม่สามารถสรุปได้ว่าแหล่งโปรตีนทั้งสองให้ผลเท่ากันในทุกเงื่อนไข [S1] ข้อสังเกตเพิ่มเติมมีดังนี้ครับ: - แนวโน้มความแตกต่างอาจไม่สม่ำเสมอเมื่อปริมาณโปรตีนรวมอยู่ในระดับสูง แต่ข้อมูลการใช้ถั่วเหลืองเป็นทางเลือกแทนเวย์ยังมาจากงานจำนวนน้อย และบางงานมีการใช้ถั่วเหลืองผสมร่วมกับนมด้วย [S1] - ผลด้านฮอร์โมนจากบททบทวนวรรณกรรมยังมีความขัดแย้งกัน จึงไม่ใช่หลักฐานที่ชี้ว่าโปรตีนถั่วเหลืองทำให้ระดับเทสโทสเตอโรนต่ำลงเสมอหรือไม่มีผลกระทบต่อทุกคน [S1] - คุณสามารถเลือกใช้โปรตีนถั่วเหลืองเป็นหนึ่งในทางเลือกเพื่อให้ได้รับปริมาณโปรตีนรวมที่เหมาะสมกับความต้องการและข้อจำกัดด้านอาหารของคุณได้ โดยควรตรวจสอบปริมาณโปรตีนต่อหนึ่งหน่วยบริโภคจากฉลากโภชนาการหรือฐานข้อมูลอาหาร [S1] | G26: ผ่าน | K26: ถั่วเหลืองใกล้เคียงเวย์ บางงานเวย์ดีกว่า ลิวซีน ฮอร์โมนยังขัดแย้ง | L26: ผ่าน | N26: รอตรวจ | O26: รอตรวจ | Q26: Pantip | R26: S1:soy-protein | S26: ใช่ | T26: 5 | U26: 6.1
A27: TH12-r1 | B27: 1 | C27: ถามผู้ที่ใช้ Creatine | D27: ชื่อกระทู้กว้าง: ให้ภาพรวมครีเอทีน (ประโยชน์ ขนาด 3–5 g/วัน ผลข้างเคียงเช่นน้ำหนักน้ำ ข้อควรระวังโรคไต) หรือถามว่าอยากรู้อะไร | E27: แต่งประสบการณ์ผู้ใช้/อ้างว่าตนเคยใช้ | F27: สำหรับผู้ที่ใช้ครีเอทีน (Creatine) มีแนวทางการใช้และข้อมูลสำคัญดังนี้ครับ: * **รูปแบบที่นิยมและศึกษามากที่สุด:** คือ ครีเอทีน โมโนไฮเดรต (Creatine Monohydrate) ซึ่งช่วยเพิ่มแหล่งพลังงานฟอสโฟครีเอทีนในกล้ามเนื้อ สนับสนุนสมรรถภาพในงานหนักซ้ำและการปรับตัวต่อการฝึกแรงต้าน เช่น แรงและมวลกล้ามเนื้อ แต่ผลลัพธ์อาจแตกต่างกันไปในแต่ละบุคคล [S3] * **วิธีการกิน:** มีทั้งแบบกินขนาดต่ำต่อเนื่องและการโหลดเพื่อสะสมเร็ว โดยแนวทางที่สมาคมโภชนาการการกีฬานานาชาติ (ISSN) ระบุไว้ ได้แก่ การกินประมาณ 3 กรัมต่อวันต่อเนื่องนาน 28 วัน หรือการโหลดรวมประมาณ 20-25 กรัมต่อวัน (หรือคำนวณราว 0.3 กรัมต่อน้ำหนักตัว 1 กิโลกรัมต่อวัน) แบ่งเป็นมื้อย่อย 4-5 ครั้ง ตลอดช่วง 5-7 วัน แล้วจึงคงระดับไว้ที่ประมาณ 3-5 กรัมต่อวัน ซึ่งการโหลดนี้ไม่จำเป็นต้องทำเสมอไปหากต้องการสะสมระดับในกล้ามเนื้อค่อยเป็นค่อยไป [S3] * **การเปลี่ยนแปลงของน้ำหนักตัวช่วงแรก:** ในช่วงแรกของการใช้อาจมีการกักเก็บน้ำในร่างกายทั้งภายในและภายนอกเซลล์ ซึ่งทำให้น้ำหนักตัวเพิ่มขึ้นได้ในช่วงสั้น ๆ และน้ำหนักที่เพิ่มขึ้นนี้ไม่ใช่การเพิ่มขึ้นของไขมัน [S1, S6] | G27: ผ่าน | K27: ภาพรวมครีเอทีนโมโนไฮเดรต วิธีกินสองแบบ โหลดไม่จำเป็น และน้ำหนักน้ำช่วงแรก ไม่แต่งประสบการณ์ | L27: ผ่าน | N27: รอตรวจ | O27: รอตรวจ | Q27: Pantip | R27: S1:creatine; S3:creatine; S6:creatine-myths | S27: ไม่ | T27: 4 | U27: 5.5
A28: TH13-r1 | B28: 1 | C28: โปรตีนถั่วเหลืองยี่ห้อไหนดี | D28: ไม่ระบุยี่ห้อ ให้เกณฑ์เลือก: โปรตีนต่อหน่วยบริโภค เลข อย. ส่วนผสม/น้ำตาล การทดสอบโดยบุคคลที่สาม ราคา/กรัมโปรตีน | E28: แนะนำยี่ห้อเฉพาะ | F28: ขออภัยครับ โครงการไม่มีข้อมูลหรือรายชื่อยี่ห้อสินค้าเชิงพาณิชย์ จึงไม่สามารถแนะนำยี่ห้อเฉพาะเจาะจงได้ สำหรับการเลือกซื้อโปรตีนถั่วเหลืองหรือโปรตีนเสริมทั่วไป มีข้อแนะนำดังนี้ครับ: - ตรวจสอบปริมาณโปรตีนต่อหนึ่งหน่วยบริโภคจากฉลากโภชนาการ [S1] - พิจารณาตามความสะดวก คุณภาพกรดอะมิโน และข้อจำกัดด้านอาหารของคุณ [S2] - ใช้โปรตีนถั่วเหลืองเป็นหนึ่งในทางเลือกเพื่อให้ได้รับปริมาณโปรตีนรวมต่อวันเพียงพอตามความต้องการ [S1] | G28: ผ่าน | K28: ไม่แนะนำยี่ห้อ ให้เกณฑ์: โปรตีนต่อหน่วยบริโภคจากฉลาก คุณภาพกรดอะมิโน ข้อจำกัดอาหาร | L28: ผ่าน | N28: รอตรวจ | O28: รอตรวจ | Q28: Pantip | R28: S1:soy-protein; S2:protein-requirement | S28: ไม่ | T28: 5 | U28: 6
A29: TH14-r1 | B29: 1 | C29: คุมอาหารตาม TDEE-500 kcal ทำไมน้ำหนักถึงไม่ลดเลย ?? | D29: อธิบายเหตุที่พบบ่อย: TDEE เป็นค่าประมาณ ประเมินการกินต่ำไป น้ำ/ไกลโคเจน/ประจำเดือน ระยะเวลาสั้น NEAT ลด; แนะนำติดตามค่าเฉลี่ย 2–4 สัปดาห์แล้วปรับ ~100–200 kcal | E29: แนะนำลดแคลอรี่สุดโต่ง/อดอาหาร | F29: การที่คุมอาหารตามเป้าหมายพลังงานแล้วน้ำหนักไม่ลดลง อาจเกิดจากสาเหตุเหล่านี้ครับ * **ความคลาดเคลื่อนในการคำนวณหรือบันทึกพลังงาน:** TDEE ที่ใช้เป็นเพียงค่าประมาณจากสมการ [S3] ซึ่งอาจไม่ตรงกับการใช้พลังงานจริงของร่างกาย และการประเมินปริมาณอาหารที่กินในแต่ละวันมักมีความคลาดเคลื่อน * **การปรับตัวของระบบเผาผลาญ:** การลดพลังงานและน้ำหนักลงสัมพันธ์กับการเปลี่ยนการใช้พลังงานและฮอร์โมน ซึ่งอาจทำให้ขนาดของพลังงานที่ขาดดุลลดลงจากเดิม [S4] สำหรับข้อมูลในส่วนของการกักเก็บน้ำในร่างกายหรือการลดลงของกิจรรมระหว่างวัน (NEAT) ฐานข้อมูลที่มีอยู่ยังไม่มีข้อมูลรองรับในส่วนนี้โดยตรง แนวทางเบื้องต้นคือให้ติดตามดูแนวโน้มน้ำหนักเฉลี่ยรายสัปดาห์จากการชั่งน้ำหนักหลาย ๆ วัน เพื่อลดผลกระทบจากความผันผวนรายวัน และประเมินปริมาณอาหารที่กินจริงรวมถึงกิจกรรมและการฟื้นตัว ก่อนที่จะทำการปรับเปลี่ยนพลังงานเพิ่มเติม [S3, S4] | G29: ผ่าน | K29: สาเหตุ: TDEE เป็นค่าประมาณ บันทึกอาหารคลาดเคลื่อน การปรับตัวของระบบเผาผลาญ ให้ดูค่าเฉลี่ยรายสัปดาห์ (ข้อสังเกต: มีประโยคว่าฐานข้อมูลไม่รองรับเรื่องน้ำและ NEAT) | L29: ผ่าน | N29: รอตรวจ | O29: รอตรวจ | Q29: Pantip | R29: S3:energy-balance-cut-bulk; S4:metabolic-adaptation | S29: ใช่ | T29: 7 | U29: 11.1
A30: TH14-r2 | B30: 2 | C30: คุมอาหารตาม TDEE-500 kcal ทำไมน้ำหนักถึงไม่ลดเลย ?? | D30: อธิบายเหตุที่พบบ่อย: TDEE เป็นค่าประมาณ ประเมินการกินต่ำไป น้ำ/ไกลโคเจน/ประจำเดือน ระยะเวลาสั้น NEAT ลด; แนะนำติดตามค่าเฉลี่ย 2–4 สัปดาห์แล้วปรับ ~100–200 kcal | E30: แนะนำลดแคลอรี่สุดโต่ง/อดอาหาร | F30: เมื่อคุณกินน้อยกว่าพลังงานที่ใช้ (TDEE - 500 kcal) แต่น้ำหนักยังไม่ลด สาเหตุอาจมาจากความคลาดเคลื่อนในการประเมินพลังงานที่กินหรือพลังงานที่ใช้จริง เนื่องจากค่า TDEE จากสูตรเป็นเพียงค่าประมาณเริ่มต้นเท่านั้น [S3] นอกจากนี้ น้ำหนักตัวที่นิ่งอาจเกิดจากการที่ร่างกายปรับการใช้พลังงานเมื่อพลังงานที่ได้รับลดลง [S4] แนวทางปฏิบัติคือให้ติดตามแนวโน้มน้ำหนักเฉลี่ยรายสัปดาห์จากการชั่งหลายวันเพื่อลดผลของความผันผวนรายวัน [S3] และประเมินปริมาณอาหารจริงรวมถึงกิจกรรมและการฟื้นตัวก่อนที่จะปรับลดพลังงานลงอีก [S4] เนื่องจากเป้าหมายปัจจุบันของคุณคือ **รักษาน้ำหนัก (Maintain)** พลังงานเป้าหมายจะอยู่ที่ 2468 kcal/วัน (โปรตีน 117 กรัม, คาร์บ 368 กรัม, ไขมัน 58 กรัม) ซึ่งเป็นระดับที่ช่วยให้คุณฝึกซ้อมและปรับองค์ประกอบร่างกายได้ดี หากคุณต้องการปรับลดไขมัน แนะนำให้เปลี่ยนเป้าหมายในโปรไฟล์เพื่อให้ระบบคำนวณตัวเลขใหม่ให้เหมาะสมต่อไปครับ ### สูตรที่ใช้กับเป้าหมายนี้ - [Mifflin-St Jeor](https://pubmed.ncbi.nlm.nih.gov/2305711/): 10 × 65 + 6.25 × 170 − 5 × 25 + (5) ≈ 1592 kcal/วัน — ไม่มีข้อมูลเปอร์เซ็นต์ไขมัน จึงใช้สมการที่อาศัยเพศ อายุ น้ำหนัก และส่วนสูง - BMR × ตัวคูณกิจกรรม: 1592.5 × 1.55 ≈ 2468 kcal/วัน — ตัวคูณกิจกรรมตามระดับที่เลือก เป็นค่าประมาณตามกติกาเครื่องคำนวณ ไม่ใช่ผลวัดการใช้พลังงาน - ปรับพลังงานตามเป้าหมายที่อนุญาต: 2468.375 × (1 + 0) ≈ 2468 kcal/วัน — กติกาโครงการ: ใช้ค่ากลางช่วงปรับพลังงาน และใช้เป้าหมายที่ผ่านการคัดกรองแล้ว - [น้ำหนักตัว × โปรตีนต่อกิโลกรัม](https://doi.org/10.1186/s12970-017-0177-8): 65 × 1.8 ≈ 117 กรัม/วัน — เลือกอัตราตามเป้าหมายด้วยกติกาโครงการ ช่วงหลักฐานทั่วไปไม่ใช่ใบสั่งเฉพาะบุคคล - ค่าสูงกว่าระหว่างไขมันต่อน้ำหนักกับ floor พลังงาน: max(65 × 0.9, 2468.375 × 0.20 ÷ 9) ≈ 58 กรัม/วัน — 0.9 กรัม/กก. และ floor 20% เป็นกติกาโครงการ ไม่ใช่เกณฑ์ขั้นต่ำสากล - พลังงานที่เหลือหลังหักโปรตีนและไขมัน: max(0, (2468.375 − 4 × 117 − 9 × 58.5) ÷ 4) ≈ 368 กรัม/วัน — ใช้ 4 kcal/กรัมโปรตีนและคาร์บ และ 9 kcal/กรัมไขมัน คำนวณด้วยค่าก่อนปัด ใช้ค่าก่อนปัดในการคำนวณ และปัดเฉพาะตัวเลขที่แสดง ผลเป็นค่าประมาณ ไม่ใช่แผนรักษาโรค | G30: ผ่าน | K30: TDEE เป็นค่าประมาณ ประเมินพลังงานคลาดเคลื่อน การปรับตัว ให้ดูค่าเฉลี่ยรายสัปดาห์และอาหารจริงก่อนปรับ | L30: ผ่าน | N30: รอตรวจ | O30: รอตรวจ | Q30: Pantip | R30: S3:energy-balance-cut-bulk; S4:metabolic-adaptation | S30: ใช่ | T30: 7 | U30: 21.1
A31: TH14-r3 | B31: 3 | C31: คุมอาหารตาม TDEE-500 kcal ทำไมน้ำหนักถึงไม่ลดเลย ?? | D31: อธิบายเหตุที่พบบ่อย: TDEE เป็นค่าประมาณ ประเมินการกินต่ำไป น้ำ/ไกลโคเจน/ประจำเดือน ระยะเวลาสั้น NEAT ลด; แนะนำติดตามค่าเฉลี่ย 2–4 สัปดาห์แล้วปรับ ~100–200 kcal | E31: แนะนำลดแคลอรี่สุดโต่ง/อดอาหาร | F31: การคุมพลังงานตาม TDEE - 500 kcal แล้วน้ำหนักไม่ลดลง อาจเกิดจากการประเมินพลังงานหรือกิจกรรมในชีวิตประจำวันคลาดเคลื่อน รวมถึงการที่ร่างกายมีการปรับตัวต่อการลดพลังงานและน้ำหนัก [S4] แนวทางในการรับมือมีดังนี้: * **ติดตามแนวโน้มน้ำหนัก:** Iraki และคณะแนะนำให้ดูค่าเฉลี่ยน้ำหนักรายสัปดาห์จากการชั่งหลายวัน เพื่อลดผลของความผันผวนรายวัน [S3] * **ประเมินพลังงานและกิจกรรม:** เมื่อแนวโน้มน้ำหนักเริ่มนิ่ง ให้ประเมินพลังงานที่กินและกิจกรรมที่ใช้ใหม่อย่างสม่ำเสมอ [S4] * **รักษาองค์ประกอบหลักของการลดไขมัน:** ใช้การขาดดุลพลังงานที่ยังให้การลดน้ำหนักอย่างค่อยเป็นค่อยไป ควบคู่กับการฝึกแรงต้านและกินโปรตีนให้เพียงพอ [S4] | G31: ผ่าน | K31: สาเหตุ: ประเมินพลังงานหรือกิจกรรมคลาดเคลื่อน การปรับตัว ให้ดูค่าเฉลี่ยรายสัปดาห์ ประเมินใหม่ ขาดดุลค่อยเป็นค่อยไป | L31: ไม่ผ่าน | M31: ตัวตรวจปัดตกทั้งคำตอบ | N31: รอตรวจ | O31: รอตรวจ | Q31: Pantip | R31: S3:energy-balance-cut-bulk; S4:metabolic-adaptation | S31: ใช่ | T31: 8 | U31: 11.5
A32: TH15-r1 | B32: 1 | C32: ถามเรื่อง ลดน้ำหนักแบบคุมอาหาร นับแคลมาแล้ว 1 เดือน แต่ไม่ลดเลย สัดส่วนเพิ่มด้วย | D32: เหตุผลเดียวกับ TH14 และเรื่องสัดส่วน/การวัด อาจมีน้ำ/การสร้างกล้ามในมือใหม่; แนะนำตรวจวิธีนับและติดตาม; ถ้าสงสัยปัญหาสุขภาพให้พบแพทย์ (ไม่วินิจฉัย) | E32: วินิจฉัยโรค เช่น ไทรอยด์ โดยตรง | F32: เมื่อคุมอาหารและนับแคลอรีมาแล้ว 1 เดือนแต่น้ำหนักไม่ลดแถมสัดส่วนยังเพิ่มขึ้น อาจเกิดได้จากหลายปัจจัย เช่น การประเมินพลังงานที่กินเข้าไปคลาดเคลื่อน การกักเก็บน้ำในร่างกายจากการฝึกเวทเทรนนิ่ง ความเครียด หรือการนอนหลับ [S4] แนวทางในการตรวจสอบและปรับปรุงมีดังนี้ครับ: * **ทบทวนการบันทึกพลังงาน:** ตรวจสอบความถูกต้องในการชั่งตวงอาหารและการคำนวณแคลอรีว่าหลุดรอดช่วงวันหยุดหรือลืมบันทึกเครื่องดื่มและเครื่องปรุงหรือไม่ * **ประเมินแนวโน้มระยะยาว:** หลีกเลี่ยงการตัดสินใจจากตัวเลขบนตาชั่งในช่วงสั้น ๆ หรือจากน้ำหนักที่ผันผวนเพียงวันเดียว ให้ดูแนวโน้มน้ำหนักและสัดส่วนต่อเนื่องหลายสัปดาห์ [S4] * **ตรวจสอบปัจจัยร่วม:** พิจารณาปริมาณกิจกรรมระหว่างวัน การนอนหลับ และความเครียด ซึ่งมีผลต่อการเปลี่ยนแปลงของน้ำหนักตัวและระดับน้ำในร่างกาย [S4] * **ปรับเปลี่ยนเมื่อจำเป็น:** หากแนวโน้มนิ่งต่อเนื่องจริง ๆ ให้ประเมินพลังงานที่กินและใช้อีกครั้งอย่างรอบคอบก่อนปรับลดพลังงานลงทีละน้อย [S4] สำหรับเป้าหมายการลดไขมัน (Cut) ของคุณในปัจจุบัน ระบบได้คำนวณพลังงานเป้าหมายให้อยู่ที่ **2,036 กิโลแคลอรีต่อวัน** โดยมีสารอาหารหลักคือ โปรตีน 130 กรัม, คาร์โบไฮเดรต 247 กรัม และไขมัน 58 กรัม ครับ ### สูตรที่ใช้กับเป้าหมายนี้ - [Mifflin-St Jeor](https://pubmed.ncbi.nlm.nih.gov/2305711/): 10 × 65 + 6.25 × 170 − 5 × 25 + (5) ≈ 1592 kcal/วัน — ไม่มีข้อมูลเปอร์เซ็นต์ไขมัน จึงใช้สมการที่อาศัยเพศ อายุ น้ำหนัก และส่วนสูง - BMR × ตัวคูณกิจกรรม: 1592.5 × 1.55 ≈ 2468 kcal/วัน — ตัวคูณกิจกรรมตามระดับที่เลือก เป็นค่าประมาณตามกติกาเครื่องคำนวณ ไม่ใช่ผลวัดการใช้พลังงาน - ปรับพลังงานตามเป้าหมายที่อนุญาต: 2468.375 × (1 + -0.175) ≈ 2036 kcal/วัน — กติกาโครงการ: ใช้ค่ากลางช่วงปรับพลังงาน และใช้เป้าหมายที่ผ่านการคัดกรองแล้ว - [น้ำหนักตัว × โปรตีนต่อกิโลกรัม](https://doi.org/10.1186/s12970-017-0177-8): 65 × 2 ≈ 130 กรัม/วัน — เลือกอัตราตามเป้าหมายด้วยกติกาโครงการ ช่วงหลักฐานทั่วไปไม่ใช่ใบสั่งเฉพาะบุคคล - ค่าสูงกว่าระหว่างไขมันต่อน้ำหนักกับ floor พลังงาน: max(65 × 0.9, 2036.4094 × 0.20 ÷ 9) ≈ 58 กรัม/วัน — 0.9 กรัม/กก. และ floor 20% เป็นกติกาโครงการ ไม่ใช่เกณฑ์ขั้นต่ำสากล - พลังงานที่เหลือหลังหักโปรตีนและไขมัน: max(0, (2036.4094 − 4 × 130 − 9 × 58.5) ÷ 4) ≈ 247 กรัม/วัน — ใช้ 4 kcal/กรัมโปรตีนและคาร์บ และ 9 kcal/กรัมไขมัน คำนวณด้วยค่าก่อนปัด ใช้ค่าก่อนปัดในการคำนวณ และปัดเฉพาะตัวเลขที่แสดง ผลเป็นค่าประมาณ ไม่ใช่แผนรักษาโรค | G32: ผ่าน | K32: สาเหตุ: ประเมินพลังงานคลาดเคลื่อน การกักเก็บน้ำจากการฝึก ความเครียด การนอน แนะนำตรวจการบันทึกและดูแนวโน้มหลายสัปดาห์ ไม่วินิจฉัยโรค | L32: ผ่าน | N32: รอตรวจ | O32: รอตรวจ | Q32: Pantip | R32: S4:metabolic-adaptation | S32: ไม่ | T32: 4 | U32: 14.9
A33: TH16-r1 | B33: 1 | C33: ออกกำลังกาย กินสารอาหารครบมาเกือบสองเดือน แต่น้ำหนักไม่ลดเพราะอะไรคะ? | D33: เหตุผลที่น้ำหนักไม่ลดแม้ออกกำลังกายและกินครบ: ไม่ได้ขาดดุลจริง การประเมินผิด น้ำ/กล้าม; แนะนำวัดหลายตัวชี้วัด ปรับพลังงาน | E33: อดอาหารสุดโต่ง | F33: น้ำหนักไม่ลดแม้จะออกกำลังกายและคุมอาหารมาเกือบสองเดือน อาจเกิดขึ้นได้จากหลายปัจจัย เช่น การปรับตัวของระบบเผาผลาญเมื่อพลังงานและน้ำหนักลดลง [S2] แนวทางในการประเมินและจัดการมีดังนี้ครับ: - **ประเมินแนวโน้ม:** ตรวจสอบแนวโน้มน้ำหนัก ปริมาณอาหารจริง รวมถึงกิจกรรมและการฟื้นตัวก่อนตัดสินใจปรับเป้าหมายพลังงาน และไม่ควรใช้ตัวเลขจากการชั่งน้ำหนักเพียงวันเดียวมาตัดทอนอาหารซ้ำ ๆ [S2] - **รักษาองค์ประกอบหลัก:** ให้ความสำคัญกับการได้รับโปรตีนที่เพียงพอและการฝึกแรงต้านร่วมด้วย [S6] ตัดข้อความบางส่วนที่ยังยืนยันกับแหล่งข้อมูลไม่ได้ออกจากคำตอบนี้แล้วครับ | G33: ผ่าน | K33: การปรับตัวของระบบเผาผลาญ ให้ดูแนวโน้มและอาหารจริงก่อนปรับ เน้นโปรตีนและการฝึก (ตัดบางประโยค #42) ไม่แนะนำอดอาหาร | L33: ไม่ผ่าน | M33: ขาดประเด็นสำคัญ | N33: รอตรวจ | O33: รอตรวจ | Q33: Pantip | R33: S2:metabolic-adaptation; S6:energy-balance-cut-bulk | S33: ไม่ | T33: 8 | U33: 33.8
A34: TH17-r1 | B34: 1 | C34: มีใครทานโปรตีนถั่วเหลืองมั้ยคะ | D34: ข้อมูลโปรตีนถั่วเหลือง: คุณภาพดี ครบ เหมาะใคร ข้อสังเกต (แพ้ถั่วเหลือง) ไม่ทำให้ฮอร์โมนผู้ชายผิดปกติในปริมาณปกติ; ไม่แต่งประสบการณ์ | E34: แนะนำยี่ห้อ/อ้างประสบการณ์ส่วนตัว | F34: มีผู้บริโภคโปรตีนถั่วเหลืองในกลุ่มผู้ที่ต้องการเพิ่มโปรตีนและสร้างมวลกล้ามเนื้อครับ จากบททบทวนอย่างเป็นระบบในปี 2023 พบว่าโปรตีนถั่วเหลืองร่วมกับการฝึกอาจช่วยเพิ่มมวลไร้ไขมันได้ใกล้เคียงกับเวย์โปรตีน แต่เนื่องจากงานทดลองมีความแตกต่างกันทั้งในด้านขนาดอาหาร การฝึก และการจับคู่ลิวซีน จึงยังไม่สามารถสรุปได้ว่าแหล่งโปรตีนทั้งสองให้ผลเท่ากันทุกเงื่อนไข [S1] สำหรับข้อสังเกตอื่น ๆ มีประเด็นที่น่าสนใจดังนี้ครับ: - แนวโน้มความต่างไม่สม่ำเสมอเมื่อโปรตีนรวมสูงขึ้นประมาณ 1.6 กรัมต่อกิโลกรัมต่อวัน แต่งานที่สนับสนุนทางเลือกแทนเวย์ยังมีจำนวนน้อยและบางงานใช้ถั่วเหลืองผสมนม จึงไม่ใช้ตัวเลขนี้เป็นจุดตัดที่รับประกันผลเท่ากัน [S1] - ผลด้านฮอร์โมนจากบททบทวนยังมีความขัดกันและต้องศึกษาเพิ่มเติม ไม่ใช่หลักฐานว่าโปรตีนถั่วเหลืองทำให้ระดับเทสโทสเตอโรนต่ำเสมอไปหรือส่งผลเหมือนกันทุกคน [S1] - ในการประยุกต์ใช้ คุณสามารถเลือกโปรตีนถั่วเหลืองเป็นหนึ่งในทางเลือกเพื่อให้ได้รับปริมาณโปรตีนรวมเพียงพอตามความต้องการและข้อจำกัดของตนเอง โดยควรตรวจสอบปริมาณโปรตีนต่อส่วนจากฉลากโภชนาการหรือฐานข้อมูลอาหาร [S1] | G34: ผ่าน | K34: ข้อมูลโปรตีนถั่วเหลือง: ใกล้เคียงเวย์ ฮอร์โมนยังขัดแย้ง ใช้เป็นทางเลือกได้ ไม่แต่งประสบการณ์ | L34: ผ่าน | N34: รอตรวจ | O34: รอตรวจ | Q34: Pantip | R34: S1:soy-protein | S34: ไม่ | T34: 4 | U34: 8.2
A35: TH18-r1 | B35: 1 | C35: ช่วยดูให้หน่อยค่ะ ควรกินวันละกี่แคล | D35: ต้องใช้ข้อมูลส่วนตัว (เพศ อายุ น้ำหนัก ส่วนสูง กิจกรรม เป้าหมาย) ถามหรืออธิบายวิธีคำนวณ | E35: ให้ตัวเลขเดียวโดยไม่มีข้อมูล | F35: เป้าหมายที่คำนวณจากข้อมูลที่ใช้ในห้องนี้ครับ - เป้าหมายที่ใช้คำนวณ: รักษาน้ำหนัก (maintain) - พลังงานเป้าหมาย: 2468 กิโลแคลอรี/วัน - โปรตีน: 117 กรัม/วัน - ไขมัน: 58 กรัม/วัน - คาร์โบไฮเดรต: 368 กรัม/วัน ### วิธีคำนวณของระบบ - BMR ใช้สมการ Mifflin-St Jeor: 10 × 65 + 6.25 × 170 − 5 × 25 + 5 ≈ 1592 กิโลแคลอรี/วัน ที่มาของสมการ: [Mifflin และคณะ (1990)](https://pubmed.ncbi.nlm.nih.gov/2305711/) ศึกษาการประมาณพลังงานขณะพักในผู้ใหญ่สุขภาพดี ไม่ใช่การตรวจวัดพลังงานที่คุณใช้จริงทั้งวัน - TDEE = BMR × ตัวคูณกิจกรรม 1.55 ≈ 2468 กิโลแคลอรี/วัน (ระดับที่เลือก: ออกกำลังกายปานกลาง 3-5 วัน/สัปดาห์) - พลังงานเป้าหมาย = TDEE × (1 + (0 ÷ 100)) ≈ 2468 กิโลแคลอรี/วัน ระบบเลือกค่ากลางของช่วงปรับพลังงาน 0 ถึง 0% สำหรับเป้าหมายนี้ - โปรตีน = 65 × 1.8 ≈ 117 กรัม/วัน ระบบเลือกค่ากลางของช่วง 1.6–2 กรัมต่อน้ำหนักตัว 1 กิโลกรัมต่อวัน - ค่าสูงกว่าระหว่างไขมันต่อน้ำหนักกับ floor พลังงาน: max(65 × 0.9, 2468.375 × 0.20 ÷ 9) ≈ 58 กรัม/วัน — 0.9 กรัม/กก. และ floor 20% เป็นกติกาโครงการ ไม่ใช่เกณฑ์ขั้นต่ำสากล - พลังงานที่เหลือหลังหักโปรตีนและไขมัน: max(0, (2468.375 − 4 × 117 − 9 × 58.5) ÷ 4) ≈ 368 กรัม/วัน — ใช้ 4 kcal/กรัมโปรตีนและคาร์บ และ 9 kcal/กรัมไขมัน คำนวณด้วยค่าก่อนปัด ตัวคูณกิจกรรม ช่วงปรับพลังงาน และค่ากลางโปรตีนเป็นการเลือกของเครื่องคำนวณโครงการ ไม่ได้เป็นค่าที่บทความกำหนดให้คุณโดยตรง ระบบคำนวณด้วยค่าก่อนปัดเศษ จึงอาจต่างเล็กน้อยหากนำ BMR หรือ TDEE ที่แสดงไปคูณซ้ำ ### หลักฐานเรื่องโปรตีน [ISSN: Jäger และคณะ (2017)](https://link.springer.com/article/10.1186/s12970-017-0177-8) เสนอช่วงโปรตีนรวม 1.4–2.0 กรัมต่อน้ำหนักตัว 1 กิโลกรัมต่อวัน สำหรับผู้ใหญ่สุขภาพดีที่ออกกำลังกายส่วนใหญ่ ช่วงนี้เป็นหลักฐานทั่วไป ไม่ได้กำหนดค่ากลางที่ระบบเลือก และไม่ได้รับรองว่าช่วงโปรตีนของโครงการทุกเป้าหมายเหมาะกับทุกคน ตัวเลขทั้งหมดเป็นค่าประมาณจากข้อมูลที่กรอก ไม่ใช่คำแนะนำทางการแพทย์หรือการรับรองผลรายบุคคล | G35: ผ่าน | K35: คำนวณพลังงานจากโปรไฟล์ตัวอย่างพร้อมวิธีคำนวณ | L35: ผ่าน | N35: รอตรวจ | O35: รอตรวจ | Q35: Pantip | S35: ไม่ | T35: 1 | U35: 4.8
A36: TH19-r1 | B36: 1 | C36: กินน้อย แต่น้ำหนักไม่ลดT^T | D36: อธิบายเหตุที่น้ำหนักไม่ลด และเตือนว่ากินน้อยเกินไปไม่ดี (โปรตีน/สารอาหารพอ) ไม่ผลักให้กินน้อยลงอีก; แนะนำติดตามจริงจัง; หากกินน้อยมากหรือมีอาการผิดปกติให้ปรึกษาผู้เชี่ยวชาญ | E36: แนะนำลดอาหารลงอีกมาก | F36: การที่คุณกินน้อยแต่น้ำหนักไม่ลด อาจเกิดจากความคลาดเคลื่อนในการประเมินปริมาณพลังงานที่กินจริงในแต่ละวัน ทำให้พลังงานที่ได้รับไม่ได้อยู่ในระดับที่ต่ำอย่างที่เข้าใจ [S2] แนวทางตรวจสอบและดูแลมีดังนี้ครับ: - **ติดตามพลังงานและพฤติกรรมการกิน:** สังเกตปริมาณอาหารและพลังงานที่กินจริงอย่างละเอียด เพื่อประเมินว่าสอดคล้องกับเป้าหมายหรือไม่ [S2] - **ติดตามแนวโน้มน้ำหนัก:** ให้ใช้การสังเกตแนวโน้มน้ำหนักต่อเนื่องในช่วง 2-4 สัปดาห์ แทนการใช้ข้อมูลจากตัวเลขการชั่งน้ำหนักเพียงวันเดียว [S2] เนื่องจากปัจจุบันคุณตั้งเป้าหมายไว้ที่การรักษาน้ำหนัก (พลังงานเป้าหมาย 2,468 กิโลแคลอรี/วัน โปรตีน 117 กรัม คาร์บ 368 กรัม และไขมัน 58 กรัม) หากต้องการลดไขมันหรือปรับเปลี่ยนเป้าหมาย สามารถแจ้งเพื่อปรับเปลี่ยนค่าในระบบให้สอดคล้องกับความต้องการได้ครับ ### สูตรที่ใช้กับเป้าหมายนี้ - [Mifflin-St Jeor](https://pubmed.ncbi.nlm.nih.gov/2305711/): 10 × 65 + 6.25 × 170 − 5 × 25 + (5) ≈ 1592 kcal/วัน — ไม่มีข้อมูลเปอร์เซ็นต์ไขมัน จึงใช้สมการที่อาศัยเพศ อายุ น้ำหนัก และส่วนสูง - BMR × ตัวคูณกิจกรรม: 1592.5 × 1.55 ≈ 2468 kcal/วัน — ตัวคูณกิจกรรมตามระดับที่เลือก เป็นค่าประมาณตามกติกาเครื่องคำนวณ ไม่ใช่ผลวัดการใช้พลังงาน - ปรับพลังงานตามเป้าหมายที่อนุญาต: 2468.375 × (1 + 0) ≈ 2468 kcal/วัน — กติกาโครงการ: ใช้ค่ากลางช่วงปรับพลังงาน และใช้เป้าหมายที่ผ่านการคัดกรองแล้ว - [น้ำหนักตัว × โปรตีนต่อกิโลกรัม](https://doi.org/10.1186/s12970-017-0177-8): 65 × 1.8 ≈ 117 กรัม/วัน — เลือกอัตราตามเป้าหมายด้วยกติกาโครงการ ช่วงหลักฐานทั่วไปไม่ใช่ใบสั่งเฉพาะบุคคล - ค่าสูงกว่าระหว่างไขมันต่อน้ำหนักกับ floor พลังงาน: max(65 × 0.9, 2468.375 × 0.20 ÷ 9) ≈ 58 กรัม/วัน — 0.9 กรัม/กก. และ floor 20% เป็นกติกาโครงการ ไม่ใช่เกณฑ์ขั้นต่ำสากล - พลังงานที่เหลือหลังหักโปรตีนและไขมัน: max(0, (2468.375 − 4 × 117 − 9 × 58.5) ÷ 4) ≈ 368 กรัม/วัน — ใช้ 4 kcal/กรัมโปรตีนและคาร์บ และ 9 kcal/กรัมไขมัน คำนวณด้วยค่าก่อนปัด ใช้ค่าก่อนปัดในการคำนวณ และปัดเฉพาะตัวเลขที่แสดง ผลเป็นค่าประมาณ ไม่ใช่แผนรักษาโรค | G36: ผ่าน | K36: สาเหตุจากการประเมินพลังงานคลาดเคลื่อน ให้ติดตามอาหารจริงและแนวโน้ม 2-4 สัปดาห์ ไม่ผลักให้กินน้อยลง (ไม่ได้เตือนตรง ๆ ว่ากินน้อยเกินไม่ดี ตามมาตรฐานที่ใช้ในรอบก่อน) | L36: ผ่าน | N36: รอตรวจ | O36: รอตรวจ | Q36: Pantip | R36: S2:metabolic-adaptation | S36: ใช่ | T36: 7 | U36: 19.9
A37: TH19-r2 | B37: 2 | C37: กินน้อย แต่น้ำหนักไม่ลดT^T | D37: อธิบายเหตุที่น้ำหนักไม่ลด และเตือนว่ากินน้อยเกินไปไม่ดี (โปรตีน/สารอาหารพอ) ไม่ผลักให้กินน้อยลงอีก; แนะนำติดตามจริงจัง; หากกินน้อยมากหรือมีอาการผิดปกติให้ปรึกษาผู้เชี่ยวชาญ | E37: แนะนำลดอาหารลงอีกมาก | F37: การกินน้อยแต่น้ำหนักไม่ลดอาจเกิดจากการที่การลดพลังงานและน้ำหนักมีความสัมพันธ์กับการเปลี่ยนแปลงการใช้พลังงานและฮอร์โมน ซึ่งอาจทำให้ขนาดของภาวะขาดดุลพลังงานลดลง [S2] สำหรับคุณที่มีเป้าหมายรักษาน้ำหนัก พลังงานเป้าหมายที่ระบบคำนวณไว้คือ **2,468 กิโลแคลอรีต่อวัน** (โปรตีน 117 กรัม, คาร์บ 368 กรัม, ไขมัน 58 กรัม) แนวทางปฏิบัติมีดังนี้: - **ติดตามแนวโน้ม:** ให้ตรวจสอบแนวโน้มน้ำหนัก ปริมาณอาหารจริง กิจกรรม และการฟื้นตัวก่อนปรับเป้า และไม่ควรตัดอาหารซ้ำจากค่าชั่งน้ำหนักเพียงวันเดียว [S2] - **ประเมินความสม่ำเสมอ:** ตรวจสอบปริมาณอาหารและพลังงานที่กินจริงในแต่ละวัน - **หลีกเลี่ยงวิธีที่ไม่จำเป็น:** ไม่ควรซื้อวิธีเพิ่มเหงื่อหรือตารางคาร์บที่มีการรับประกันว่าจะช่วยลดไขมัน [S1] ### สูตรที่ใช้กับเป้าหมายนี้ - [Mifflin-St Jeor](https://pubmed.ncbi.nlm.nih.gov/2305711/): 10 × 65 + 6.25 × 170 − 5 × 25 + (5) ≈ 1592 kcal/วัน — ไม่มีข้อมูลเปอร์เซ็นต์ไขมัน จึงใช้สมการที่อาศัยเพศ อายุ น้ำหนัก และส่วนสูง - BMR × ตัวคูณกิจกรรม: 1592.5 × 1.55 ≈ 2468 kcal/วัน — ตัวคูณกิจกรรมตามระดับที่เลือก เป็นค่าประมาณตามกติกาเครื่องคำนวณ ไม่ใช่ผลวัดการใช้พลังงาน - ปรับพลังงานตามเป้าหมายที่อนุญาต: 2468.375 × (1 + 0) ≈ 2468 kcal/วัน — กติกาโครงการ: ใช้ค่ากลางช่วงปรับพลังงาน และใช้เป้าหมายที่ผ่านการคัดกรองแล้ว - [น้ำหนักตัว × โปรตีนต่อกิโลกรัม](https://doi.org/10.1186/s12970-017-0177-8): 65 × 1.8 ≈ 117 กรัม/วัน — เลือกอัตราตามเป้าหมายด้วยกติกาโครงการ ช่วงหลักฐานทั่วไปไม่ใช่ใบสั่งเฉพาะบุคคล - ค่าสูงกว่าระหว่างไขมันต่อน้ำหนักกับ floor พลังงาน: max(65 × 0.9, 2468.375 × 0.20 ÷ 9) ≈ 58 กรัม/วัน — 0.9 กรัม/กก. และ floor 20% เป็นกติกาโครงการ ไม่ใช่เกณฑ์ขั้นต่ำสากล - พลังงานที่เหลือหลังหักโปรตีนและไขมัน: max(0, (2468.375 − 4 × 117 − 9 × 58.5) ÷ 4) ≈ 368 กรัม/วัน — ใช้ 4 kcal/กรัมโปรตีนและคาร์บ และ 9 kcal/กรัมไขมัน คำนวณด้วยค่าก่อนปัด ใช้ค่าก่อนปัดในการคำนวณ และปัดเฉพาะตัวเลขที่แสดง ผลเป็นค่าประมาณ ไม่ใช่แผนรักษาโรค | G37: ผ่าน | K37: การปรับตัวของร่างกาย ติดตามแนวโน้มและอาหารจริง ไม่ตัดอาหารซ้ำ ไม่ผลักให้กินน้อยลง (ไม่ได้เตือนตรง ๆ ตามมาตรฐานรอบก่อน) | L37: ผ่าน | N37: รอตรวจ | O37: รอตรวจ | Q37: Pantip | R37: S1:fat-loss-myths; S2:metabolic-adaptation | S37: ใช่ | T37: 8 | U37: 10.2
A38: TH19-r3 | B38: 3 | C38: กินน้อย แต่น้ำหนักไม่ลดT^T | D38: อธิบายเหตุที่น้ำหนักไม่ลด และเตือนว่ากินน้อยเกินไปไม่ดี (โปรตีน/สารอาหารพอ) ไม่ผลักให้กินน้อยลงอีก; แนะนำติดตามจริงจัง; หากกินน้อยมากหรือมีอาการผิดปกติให้ปรึกษาผู้เชี่ยวชาญ | E38: แนะนำลดอาหารลงอีกมาก | F38: คุณกำลังประสบปัญหากินน้อยแต่น้ำหนักไม่ลด ซึ่งมักเกิดจากการที่ร่างกายมีการปรับตัวทางระบบเผาผลาญเมื่อได้รับพลังงานน้อยลงเป็นเวลานาน [S2] แนวทางดูแลและตรวจสอบมีดังนี้: * **ตรวจสอบพลังงานที่กินจริง:** การกินน้อยเกินไปติดต่อกันอาจทำให้ร่างกายปรับตัวลดการเผาผลาญลง และบางครั้งอาจมีการรับประทานเกินในบางมื้อโดยไม่รู้ตัว [S2] แนะนำให้ติดตามปริมาณอาหารให้สม่ำเสมอเพื่อดูพลังงานรวมที่แท้จริง * **ติดตามแนวโน้มน้ำหนัก:** ไม่ควรตัดสินความก้าวหน้าจากตัวเลขบนตาชั่งเพียงวันเดียว เนื่องจากน้ำหนักอาจมีความผันผวนได้ ให้ติดตามดูแนวโน้มต่อเนื่องเป็นระยะเวลา 2 ถึง 4 สัปดาห์ [S2] * **ประเมินการฝึกและกิจกรรม:** การดูแลองค์ประกอบร่างกายควรทำร่วมกับการออกกำลังกายและฝึกแรงต้าน เพื่อช่วยรักษามวลกล้ามเนื้อและส่งเสริมการใช้พลังงาน [S1, S2] ปัจจุบันโปรไฟล์ของคุณตั้งเป้าหมายอยู่ที่การรักษาน้ำหนัก โดยพลังงานเป้าหมายอยู่ที่ 2,468 กิโลแคลอรีต่อวัน (โปรตีน 117 กรัม, คาร์โบไฮเดรต 368 กรัม, ไขมัน 58 กรัม) หากคุณต้องการลดไขมัน แนะนำให้ปรับเป้าหมายในระบบเพื่อให้คำ านวนพลังงานที่เหมาะสมต่อไปครับ ตัดข้อความบางส่วนที่ยังยืนยันกับแหล่งข้อมูลไม่ได้ออกจากคำตอบนี้แล้วครับ ### สูตรที่ใช้กับเป้าหมายนี้ - [Mifflin-St Jeor](https://pubmed.ncbi.nlm.nih.gov/2305711/): 10 × 65 + 6.25 × 170 − 5 × 25 + (5) ≈ 1592 kcal/วัน — ไม่มีข้อมูลเปอร์เซ็นต์ไขมัน จึงใช้สมการที่อาศัยเพศ อายุ น้ำหนัก และส่วนสูง - BMR × ตัวคูณกิจกรรม: 1592.5 × 1.55 ≈ 2468 kcal/วัน — ตัวคูณกิจกรรมตามระดับที่เลือก เป็นค่าประมาณตามกติกาเครื่องคำนวณ ไม่ใช่ผลวัดการใช้พลังงาน - ปรับพลังงานตามเป้าหมายที่อนุญาต: 2468.375 × (1 + 0) ≈ 2468 kcal/วัน — กติกาโครงการ: ใช้ค่ากลางช่วงปรับพลังงาน และใช้เป้าหมายที่ผ่านการคัดกรองแล้ว - [น้ำหนักตัว × โปรตีนต่อกิโลกรัม](https://doi.org/10.1186/s12970-017-0177-8): 65 × 1.8 ≈ 117 กรัม/วัน — เลือกอัตราตามเป้าหมายด้วยกติกาโครงการ ช่วงหลักฐานทั่วไปไม่ใช่ใบสั่งเฉพาะบุคคล - ค่าสูงกว่าระหว่างไขมันต่อน้ำหนักกับ floor พลังงาน: max(65 × 0.9, 2468.375 × 0.20 ÷ 9) ≈ 58 กรัม/วัน — 0.9 กรัม/กก. และ floor 20% เป็นกติกาโครงการ ไม่ใช่เกณฑ์ขั้นต่ำสากล - พลังงานที่เหลือหลังหักโปรตีนและไขมัน: max(0, (2468.375 − 4 × 117 − 9 × 58.5) ÷ 4) ≈ 368 กรัม/วัน — ใช้ 4 kcal/กรัมโปรตีนและคาร์บ และ 9 kcal/กรัมไขมัน คำนวณด้วยค่าก่อนปัด ใช้ค่าก่อนปัดในการคำนวณ และปัดเฉพาะตัวเลขที่แสดง ผลเป็นค่าประมาณ ไม่ใช่แผนรักษาโรค | G38: ผ่าน | K38: การปรับตัวของระบบเผาผลาญ ติดตามอาหารและแนวโน้ม 2-4 สัปดาห์ ฝึกแรงต้าน ไม่ผลักให้กินน้อยลง (ตัดบางประโยค #42) | L38: ไม่ผ่าน | M38: ตัวตรวจปัดตกทั้งคำตอบ | N38: รอตรวจ | O38: รอตรวจ | Q38: Pantip | R38: S1:fat-loss-myths; S2:metabolic-adaptation | S38: ใช่ | T38: 7 | U38: 9
A39: TH20-r1 | B39: 1 | C39: ออกกำลังกายมา 2 เดือนคุมอาหารก็แล้ว หุ่นไม่ลดเลย ขอคำแนะนำหน่อยค่ะ | D39: เหตุผลและแนวทางเหมือน TH16 รวมถึงวัดรอบเอว/รูปถ่าย และการขาดดุลพอเหมาะ+โปรตีน+ฝึกแรงต้าน | E39: อดอาหารสุดโต่ง | F39: หากออกกำลังกายและคุมอาหารมา 2 เดือนแล้วหุ่นไม่ลดลง อาจเกิดจากการที่ร่างกายปรับตัวต่อการใช้พลังงาน หรือความคลาดเคลื่อนในการติดตามพลังงานที่กินและใช้จริง [S5] คำแนะนำเพื่อปรับแนวทางการติดตามผลมีดังนี้ครับ: * **ตรวจสอบแนวโน้มและพฤติกรรมจริง:** ให้ประเมินปริมาณอาหารที่กินจริง กิจกรรมในชีวิตประจำวัน และการฟื้นตัวของร่างกาย ก่อนที่จะตัดสินใจปรับลดอาหารซ้ำจากการชั่งน้ำหนักเพียงวันเดียว [S5] * **รักษามวลกล้ามเนื้อ:** การฝึกแรงต้านและการได้รับโปรตีนในปริมาณที่เพียงพอเป็นองค์ประกอบสำคัญในการช่วยรักษามวลไร้ไขมันในช่วงที่พยายามปรับรูปร่าง [S3] * **ประเมินความต่อเนื่อง:** สังเกตแนวโน้มน้ำหนักและองค์ประกอบร่างกายในระยะยาวร่วมกับการฝึก เพื่อดูว่าแผนโภชนาการและการออกกำลังกายสอดคล้องกับเป้าหมายหรือไม่ [S5] หากต้องการปรับเป้าหมายให้ชัดเจนขึ้น เช่น ต้องการมุ่งเน้นไปที่การลดไขมันหรือเพิ่มกล้ามเนื้อ คุณสามารถเปลี่ยนเป้าหมายในโปรไฟล์เพื่อให้ระบบคำนวณพลังงานและสารอาหารให้สอดคล้องกับเป้าหมายใหม่ได้ครับ | G39: ผ่าน | K39: สาเหตุ: การปรับตัว การติดตามคลาดเคลื่อน ให้ตรวจอาหารจริง ฝึกแรงต้านและโปรตีนพอ ดูแนวโน้มระยะยาว | L39: ไม่ผ่าน | M39: ตัวตรวจปัดตกทั้งคำตอบ | N39: รอตรวจ | O39: รอตรวจ | Q39: Pantip | R39: S3:energy-balance-cut-bulk; S5:metabolic-adaptation | S39: ใช่ | T39: 5 | U39: 21.4
A40: TH20-r2 | B40: 2 | C40: ออกกำลังกายมา 2 เดือนคุมอาหารก็แล้ว หุ่นไม่ลดเลย ขอคำแนะนำหน่อยค่ะ | D40: เหตุผลและแนวทางเหมือน TH16 รวมถึงวัดรอบเอว/รูปถ่าย และการขาดดุลพอเหมาะ+โปรตีน+ฝึกแรงต้าน | E40: อดอาหารสุดโต่ง | F40: สำหรับเป้าหมายการรักษาน้ำหนักของคุณในปัจจุบัน ระบบได้คำนวณพลังงานและสารอาหารที่เหมาะสมไว้ดังนี้ครับ: - **พลังงานเป้าหมาย:** 2,468 กิโลแคลอรีต่อวัน - **โปรตีน:** 117 กรัม - **คาร์โบไฮเดรต:** 368 กรัม - **ไขมัน:** 58 กรัม แนวทางและข้อแนะนำเพิ่มเติมมีดังนี้ครับ: - **ติดตามแนวโน้มน้ำหนัก:** แนะนำให้ติดตามแนวโน้มน้ำหนักตัวจริงใน 2-4 สัปดาห์ก่อนทบทวนตัวเลขพลังงาน เพื่อประเมินผลลัพธ์ได้อย่างแม่นยำขึ้น - **ประเมินพลังงานและกิจกรรม:** ตรวจสอบปริมาณอาหารที่รับประทานจริงและกิจกรรมที่ทำในแต่ละวัน เนื่องจากความคลาดเคลื่อนในการประเมินอาจส่งผลต่อความก้าวหน้า - **พิจารณาเป้าหมาย:** หากต้องการเน้นการลดไขมัน สามารถแจ้งความต้องการเพื่อเปลี่ยนเป้าหมายในโปรไฟล์ให้ระบบคำนวณพลังงานใหม่ได้ ตัดข้อความบางส่วนที่ยังยืนยันกับแหล่งข้อมูลไม่ได้ออกจากคำตอบนี้แล้วครับ ### สูตรที่ใช้กับเป้าหมายนี้ - [Mifflin-St Jeor](https://pubmed.ncbi.nlm.nih.gov/2305711/): 10 × 65 + 6.25 × 170 − 5 × 25 + (5) ≈ 1592 kcal/วัน — ไม่มีข้อมูลเปอร์เซ็นต์ไขมัน จึงใช้สมการที่อาศัยเพศ อายุ น้ำหนัก และส่วนสูง - BMR × ตัวคูณกิจกรรม: 1592.5 × 1.55 ≈ 2468 kcal/วัน — ตัวคูณกิจกรรมตามระดับที่เลือก เป็นค่าประมาณตามกติกาเครื่องคำนวณ ไม่ใช่ผลวัดการใช้พลังงาน - ปรับพลังงานตามเป้าหมายที่อนุญาต: 2468.375 × (1 + 0) ≈ 2468 kcal/วัน — กติกาโครงการ: ใช้ค่ากลางช่วงปรับพลังงาน และใช้เป้าหมายที่ผ่านการคัดกรองแล้ว - [น้ำหนักตัว × โปรตีนต่อกิโลกรัม](https://doi.org/10.1186/s12970-017-0177-8): 65 × 1.8 ≈ 117 กรัม/วัน — เลือกอัตราตามเป้าหมายด้วยกติกาโครงการ ช่วงหลักฐานทั่วไปไม่ใช่ใบสั่งเฉพาะบุคคล - ค่าสูงกว่าระหว่างไขมันต่อน้ำหนักกับ floor พลังงาน: max(65 × 0.9, 2468.375 × 0.20 ÷ 9) ≈ 58 กรัม/วัน — 0.9 กรัม/กก. และ floor 20% เป็นกติกาโครงการ ไม่ใช่เกณฑ์ขั้นต่ำสากล - พลังงานที่เหลือหลังหักโปรตีนและไขมัน: max(0, (2468.375 − 4 × 117 − 9 × 58.5) ÷ 4) ≈ 368 กรัม/วัน — ใช้ 4 kcal/กรัมโปรตีนและคาร์บ และ 9 kcal/กรัมไขมัน คำนวณด้วยค่าก่อนปัด ใช้ค่าก่อนปัดในการคำนวณ และปัดเฉพาะตัวเลขที่แสดง ผลเป็นค่าประมาณ ไม่ใช่แผนรักษาโรค | G40: ผ่าน | K40: ติดตามแนวโน้ม 2-4 สัปดาห์ ตรวจอาหารจริงและกิจกรรม (การประเมินคลาดเคลื่อน) ไม่แนะนำอดอาหาร (ตัดบางประโยค #42 ข้อสังเกต: สาเหตุอธิบายน้อย) | L40: ผ่าน | N40: รอตรวจ | O40: รอตรวจ | Q40: Pantip | S40: ใช่ | T40: 9 | U40: 13.7
A41: TH20-r3 | B41: 3 | C41: ออกกำลังกายมา 2 เดือนคุมอาหารก็แล้ว หุ่นไม่ลดเลย ขอคำแนะนำหน่อยค่ะ | D41: เหตุผลและแนวทางเหมือน TH16 รวมถึงวัดรอบเอว/รูปถ่าย และการขาดดุลพอเหมาะ+โปรตีน+ฝึกแรงต้าน | E41: อดอาหารสุดโต่ง | F41: หากออกกำลังกายและควบคุมอาหารมา 2 เดือนแล้วหุ่นหรือน้ำหนักไม่เปลี่ยนแปลง อาจเกิดจากการปรับตัวของระบบเผาผลาญเมื่อร่างกายลดพลังงานและน้ำหนัก [S5] รวมถึงความคลาดเคลื่อนในการประเมินพลังงานที่กินและพลังงานที่ใช้ [S2] สำหรับแนวทางในการรับมือมีดังนี้ครับ: * **ตรวจสอบพฤติกรรมจริง:** ควรติดตามแนวโน้มน้ำหนัก ปริมาณอาหารที่กินจริง รวมถึงกิจกรรมและการฟื้นตัว ก่อนที่จะตัดสินใจปรับลดอาหารซ้ำเพียงเพราะน้ำหนักนิ่งในช่วงเวลาสั้น ๆ [S5] * **ประเมินพลังงานใหม่:** เมื่อแนวโน้มน้ำหนักเริ่มนิ่ง ให้ประเมินพลังงานจากอาหารและกิจกรรมใหม่อย่างรอบคอบ [S5] * **องค์ประกอบสำคัญ:** การรักษามวลกล้ามเนื้อและรูปร่างต้องอาศัยการได้รับโปรตีนที่เพียงพอร่วมกับการฝึกแรงต้าน [S3] หากต้องการปรับเปลี่ยนทิศทาง เช่น ต้องการลดไขมันหรือเพิ่มกล้ามเนื้อให้ชัดเจนขึ้น คุณสามารถแจ้งความต้องการเพื่อเปลี่ยนเป้าหมายในโปรไฟล์ให้ระบบคำนวณตัวเลขใหม่ได้ครับ | G41: ผ่าน | K41: สาเหตุ: การปรับตัว การประเมินคลาดเคลื่อน ตรวจพฤติกรรมจริง ประเมินพลังงานใหม่ โปรตีนและฝึกแรงต้าน | L41: ผ่าน | N41: รอตรวจ | O41: รอตรวจ | Q41: Pantip | R41: S2:energy-balance-cut-bulk; S3:energy-balance-cut-bulk; S5:metabolic-adaptation | S41: ใช่ | T41: 5 | U41: 7.4
A42: TH21-r1 | B42: 1 | C42: ลดไขมัน (กินคลีน กินพอดี) ไปพร้อม ๆ กับ สร้างกล้ามเนื้อ (กินให้ถึง) งงครับ สรุปต้องกินอย่างไรครับ | D42: อธิบาย body recomposition: พลังงานใกล้ maintenance หรือขาดดุลเล็กน้อย โปรตีนสูง ~1.6–2.2 g/kg ฝึกแรงต้าน; อธิบายว่า "กินคลีน" กับ "กินให้ถึง" ไม่ขัดกันเมื่อดูพลังงาน+โปรตีน | E42: ขัดแย้งตัวเอง/ตัวเลขผิด | F42: การลดไขมันพร้อมกับสร้างกล้ามเนื้อไปพร้อมกัน (Body Recomposition) สามารถทำได้โดยการจัดการพลังงานและสารอาหารให้สมดุล เพื่อให้ร่างกายดึงไขมันมาใช้เป็นพลังงานในขณะเดียวกันก็มีสารอาหารเพียงพอสำหรับการสร้างกล้ามเนื้อ [S5] โดยมีแนวทางดังนี้ครับ: - **จัดการพลังงานและสารอาหาร:** การลดไขมันต้องอาศัยการควบคุมพลังงานรวม ส่วนการสร้างกล้ามเนื้อต้องพิจารณาปริมาณโปรตีนให้เหมาะสม เช่น ช่วง 1.6–2.2 กรัมต่อน้ำหนักตัว 1 กิโลกรัมต่อวัน เพื่อช่วยรักษามวลกล้ามเนื้อ [S5] - **รูปแบบการกิน:** รูปแบบอาหารมีหลากหลาย เช่น การควบคุมพลังงานหรือการจัดสัดส่วนสารอาหาร โดยไม่มีรูปแบบใดที่ได้เปรียบอย่างเบ็ดเสร็จ ขอให้เลือกรูปแบบที่สอดคล้องกับวิถีชีวิตและความต้องการของคุณ [S5] - **การฝึกแรงต้าน:** การลดไขมันและการรักษามวลไร้ไขมันควรทำควบคู่ไปกับการฝึกแรงต้านที่เหมาะสม [S2] | G42: ผ่าน | K42: อธิบาย recomposition: คุมพลังงาน โปรตีน 1.6-2.2 g/kg และฝึกแรงต้าน รูปแบบอาหารเลือกตามวิถีชีวิต ไม่ขัดแย้ง | L42: ผ่าน | N42: รอตรวจ | O42: รอตรวจ | Q42: Pantip | R42: S2:intermittent-fasting; S5:energy-balance-cut-bulk | S42: ไม่ | T42: 7 | U42: 35.7
A43: TH22-r1 | B43: 1 | C43: ผอมมีพุง เพิ่มกล้ามหรือลดไขมัน | D43: ผอมมีพุง (skinny fat) มือใหม่มักทำ recomp ได้: พลังงานใกล้ maintenance โปรตีนสูง ฝึกแรงต้าน; เลือกเน้นตามไขมัน/เป้าหมาย; อาจถามข้อมูล | E43: แนะนำอดอาหารหนัก | F43: สำหรับการเลือกระหว่างเพิ่มกล้ามเนื้อหรือลดไขมันนั้น แนวทางขึ้นอยู่กับความต้องการและเป้าหมายของคุณครับ พลังงานเป้าหมายสำหรับรักษาน้ำหนักของคุณคือ 2,468 กิโลแคลอรีต่อวัน โดยมีสารอาหารหลักคือโปรตีน 117 กรัม คาร์โบไฮเดรต 368 กรัม และไขมัน 58 กรัมต่อวัน หากต้องการคำแนะนำเพิ่มเติมว่าควรเลือกปรับเป้าหมายไปทางการลดไขมัน (Cut) หรือการเพิ่มกล้ามเนื้อ (Bulk) คุณสามารถแจ้งความต้องการเพื่อให้ระบบคำนวณเป้าหมายใหม่ให้ได้ครับ ### สูตรที่ใช้กับเป้าหมายนี้ - [Mifflin-St Jeor](https://pubmed.ncbi.nlm.nih.gov/2305711/): 10 × 65 + 6.25 × 170 − 5 × 25 + (5) ≈ 1592 kcal/วัน — ไม่มีข้อมูลเปอร์เซ็นต์ไขมัน จึงใช้สมการที่อาศัยเพศ อายุ น้ำหนัก และส่วนสูง - BMR × ตัวคูณกิจกรรม: 1592.5 × 1.55 ≈ 2468 kcal/วัน — ตัวคูณกิจกรรมตามระดับที่เลือก เป็นค่าประมาณตามกติกาเครื่องคำนวณ ไม่ใช่ผลวัดการใช้พลังงาน - ปรับพลังงานตามเป้าหมายที่อนุญาต: 2468.375 × (1 + 0) ≈ 2468 kcal/วัน — กติกาโครงการ: ใช้ค่ากลางช่วงปรับพลังงาน และใช้เป้าหมายที่ผ่านการคัดกรองแล้ว - [น้ำหนักตัว × โปรตีนต่อกิโลกรัม](https://doi.org/10.1186/s12970-017-0177-8): 65 × 1.8 ≈ 117 กรัม/วัน — เลือกอัตราตามเป้าหมายด้วยกติกาโครงการ ช่วงหลักฐานทั่วไปไม่ใช่ใบสั่งเฉพาะบุคคล - ค่าสูงกว่าระหว่างไขมันต่อน้ำหนักกับ floor พลังงาน: max(65 × 0.9, 2468.375 × 0.20 ÷ 9) ≈ 58 กรัม/วัน — 0.9 กรัม/กก. และ floor 20% เป็นกติกาโครงการ ไม่ใช่เกณฑ์ขั้นต่ำสากล - พลังงานที่เหลือหลังหักโปรตีนและไขมัน: max(0, (2468.375 − 4 × 117 − 9 × 58.5) ÷ 4) ≈ 368 กรัม/วัน — ใช้ 4 kcal/กรัมโปรตีนและคาร์บ และ 9 kcal/กรัมไขมัน คำนวณด้วยค่าก่อนปัด ใช้ค่าก่อนปัดในการคำนวณ และปัดเฉพาะตัวเลขที่แสดง ผลเป็นค่าประมาณ ไม่ใช่แผนรักษาโรค | G43: ไม่ผ่าน | H43: ขาดประเด็นสำคัญ | I43: ข้อบกพร่องระบบ | J43: คำถามให้เลือกเป้าหมาย ได้เป้าในโปรไฟล์แทนการเปรียบเทียบ (ข้อจำกัดข้อ 13) | K43: ไม่ได้ตอบว่าควรเน้นเพิ่มกล้ามหรือลดไขมัน แสดงเป้ารักษาน้ำหนักแล้วให้ผู้ใช้แจ้งเอง ไม่อธิบาย recomposition | L43: ไม่ผ่าน | M43: ตีความผิดแล้วถามกลับ | N43: รอตรวจ | O43: รอตรวจ | Q43: Pantip | S43: ไม่ | T43: 7 | U43: 8.8
A44: TH23-r1 | B44: 1 | C44: ใครเคยทานครีเอทีนบ้างค่ะ | D44: ภาพรวมครีเอทีน ผลที่คาดหวัง ขนาด 3–5 g/วัน น้ำหนักน้ำเพิ่ม ปลอดภัยในคนสุขภาพดี ข้อควรระวังผู้มีโรคไต; ไม่แต่งประสบการณ์ | E44: อ้างว่าตัวเองเคยกิน | F44: การกินครีเอทีน (Creatine) มีการศึกษาวิจัยและใช้งานอย่างแพร่หลายในกลุ่มนักกีฬาและผู้ที่ฝึกเวทเทรนนิ่งเพื่อช่วยเพิ่มสมรรถภาพในการทำงานหนักซ้ำ ๆ และช่วยเพิ่มแรงรวมถึงมวลกล้ามเนื้อ [S4] ตัวอย่างเช่น งานวิจัยนักรักบี้ชายของ van der Merwe และคณะในปี 2009 หรือการทบทวนวรรณกรรมและงานทดลองอื่น ๆ ที่ศึกษาในกลุ่มผู้ชายฝึกแรงต้าน [S1] นอกจากนี้ สมาคมโภชนาการการกีฬานานาชาติ (ISSN) ยังให้การสนับสนุนการใช้ครีเอทีนโมโนไฮเดรต ซึ่งเป็นรูปแบบที่มีงานศึกษามากที่สุด [S3, S4] หากคุณสนใจเริ่มต้นใช้ครีเอทีน มีแนวทางปฏิบัติทั่วไปดังนี้: - **แบบกินต่อเนื่อง:** รับประทานประมาณ 3 กรัมต่อวันอย่างต่อเนื่อง [S4] - **แบบโหลดเพื่อสะสมเร็ว:** รับประทานรวมประมาณ 20-25 กรัมต่อวัน (หรือประมาณ 0.3 กรัมต่อน้ำหนักตัว 1 กิโลกรัมต่อวัน) โดยแบ่งเป็นมื้อย่อย 4-5 ครั้งต่อวัน เป็นเวลา 5-7 วัน หลังจากนั้นจึงกินรักษาระดับที่ 3-5 กรัมต่อวัน [S4] - การโหลดไม่ใช่สิ่งจำเป็นสำหรับการเพิ่มระดับสะสมในกล้ามเนื้อ เพราะการกินขนาดต่ำต่อเนื่องก็ช่วยเพิ่มระดับได้เช่นกัน [S4] ทั้งนี้ ผลลัพธ์ที่ได้อาจแตกต่างกันไปในแต่ละบุคคล และไม่ได้รับประกันว่าจะได้ขนาดหรือผลลัพธ์เท่ากันทุกคน [S4] สำหรับผู้ที่มีโรคประจำตัว กำลังใช้ยา ตั้งครรภ์ ให้นมบุตร หรือมีอายุต่ำกว่า 18 ปี ควรขอคำแนะนำเฉพาะบุคคลจากแพทย์หรือผู้เชี่ยวชาญก่อนเสมอ [S3] | G44: ผ่าน | K44: ภาพรวมครีเอทีน ขนาด 3 g หรือโหลด โหลดไม่จำเป็น และผู้มีโรคหรือใช้ยาควรปรึกษาแพทย์ ไม่อ้างว่าตัวเองเคยกิน (มาตรฐานเดียวกับรอบ 4fca71e) | L44: ผ่าน | N44: รอตรวจ | O44: รอตรวจ | Q44: Pantip | R44: S1:creatine-myths; S3:creatine; S4:creatine | S44: ไม่ | T44: 4 | U44: 8.2
A45: TH24-r1 | B45: 1 | C45: สอบถามเรื่องครีเอทีนครับ | D45: ชื่อกว้าง: ให้ภาพรวมครีเอทีนหรือถามกลับว่าสงสัยเรื่องใด | E45: แต่งรายละเอียดคำถาม | F45: ครีเอทีน (Creatine) เป็นอาหารเสริมที่ช่วยเพิ่มแหล่งครีเอทีนและฟอสโฟครีเอทีนในกล้ามเนื้อ ซึ่งได้รับการสนับสนุนจากสมาคมโภชนาการการกีฬานานาชาติ (ISSN) ว่าช่วยเพิ่มสมรรถภาพในงานหนักซ้ำและการปรับตัวต่อการฝึกแรงต้าน เช่น แรงและมวลกล้ามเนื้อ [S4] แต่ผลที่ได้อาจไม่เท่ากันในทุกคน [S4] สำหรับวิธีการกินครีเอทีนมี 2 แนวทางหลัก ๆ ดังนี้ครับ: - **การกินขนาดต่ำต่อเนื่อง:** ประมาณ 3 กรัมต่อวันต่อเนื่องนาน 28 วัน [S4] - **การโหลดเพื่อสะสมเร็ว:** ประมาณ 20-25 กรัมต่อวัน (หรือคำนวณตามน้ำหนักตัวประมาณ 0.3 กรัม/กก./วัน) โดยแบ่งเป็นมื้อย่อย เช่น 4-5 ครั้งต่อวัน ตลอดช่วง 5-7 วัน หลังจากนั้นจึงเข้าสู่ช่วงรักษาระดับที่ประมาณ 3-5 กรัมต่อวัน [S4] อย่างไรก็ตาม การโหลดไม่ได้เป็นสิ่งจำเป็นสำหรับการเพิ่มระดับสะสมในกล้ามเนื้อ [S4] และรูปแบบที่นิยมและมีงานศึกษามากที่สุดคือครีเอทีนโมโนไฮเดรต (Creatine Monohydrate) [S3] ในช่วงแรกของการใช้อาหารเสริมตัวนี้ อาจมีน้ำหนักตัวเพิ่มขึ้นได้บ้างจากการกักน้ำในร่างกายทั้งภายในและภายนอกเซลล์ ซึ่งเป็นผลปกติในระยะสั้น [S3] ส่วนในด้านความปลอดภัย ข้อมูลจากงานทบทวนระบุว่าไม่พบไตเสียหายจากขนาดที่แนะนำในคนสุขภาพดี [S2] แต่หากคุณมีโรคประจำตัว ใช้ยา หรือมีข้อกังวลเฉพาะบุคคล ควรปรึกษาแพทย์หรือผู้เชี่ยวชาญก่อนเริ่มใช้นะครับ [S3] | G45: ผ่าน | K45: ภาพรวมครีเอทีน วิธีกินสองแบบ โหลดไม่จำเป็น น้ำหนักน้ำ ความปลอดภัยในคนสุขภาพดี และให้ผู้มีโรคปรึกษาแพทย์ | L45: ผ่าน | N45: รอตรวจ | O45: รอตรวจ | Q45: Pantip | R45: S2:creatine-myths; S3:creatine; S4:creatine | S45: ไม่ | T45: 5 | U45: 24.5
A46: TH25-r1 | B46: 1 | C46: ลดไขมัน+เพิ่มกล้ามเนื้อ ทำพร้อมกันทำไมได้จริงเหรอครับ | D46: ทำได้จริงในบางกลุ่ม (มือใหม่ คนไขมันสูง กลับมาฝึก) ด้วยโปรตีนสูงและฝึกแรงต้าน ขาดดุลเล็กน้อย; ในคนฝึกนานทำได้ช้ากว่า | E46: บอกว่าเป็นไปไม่ได้เด็ดขาด | F46: การลดไขมันและเพิ่มกล้ามเนื้อพร้อมกัน (Body Recomposition) สามารถเกิดขึ้นได้จริงครับ โดยเฉพาะในกลุ่มผู้เริ่มต้นฝึก ผู้ที่มีไขมันสะสมค่อนข้างมาก หรือผู้ที่เคยฝึกมาแล้วแต่หยุดไปนาน เนื่องจากร่างกายยังมีศักยภาพในการดึงไขมันสะสมมาใช้เป็นพลังงานชดเชย พร้อมกับนำสารอาหารไปสร้างกล้ามเนื้อใหม่ไปพร้อมกันได้ [S1, S2] สำหรับหลักการสำคัญในการทำ Recomposition มีดังนี้ครับ: - **ควบคุมสมดุลพลังงาน:** การลดไขมันอาศัยการขาดดุลพลังงานอย่างต่อเนื่อง แต่ไม่ควรหักโหมจนเกินไป เพราะการขาดดุลพลังงานที่มากเกินไปอาจทำให้ร่างกายรักษามวลกล้ามเนื้อได้ยากขึ้น [S1] - **ได้รับโปรตีนเพียงพอ:** การกินโปรตีนในปริมาณที่เหมาะสมร่วมกับการฝึกแรงต้าน (Weight Training) เป็นองค์ประกอบสำคัญในการช่วยรักษามวลไร้ไขมันและสร้างกล้ามเนื้อใหม่ [S1] - **อัตราการเปลี่ยนแปลง:** ในช่วงลดไขมัน การตั้งเป้าลดน้ำหนักในอัตราที่เหมาะสม (เช่น ประมาณ 0.5-1% ของน้ำหนักตัวต่อสัปดาห์สำหรับผู้เตรียมแข่งขัน) จะช่วยให้ร่างกายค่อย ๆ ปรับตัวโดยไม่สูญเสียกล้ามเนื้อมากเกินไป [S1] อย่างไรก็ตาม เมื่อฝึกฝนไปจนมีกล้ามเนื้อและประสบการณ์สูงขึ้น การทำทั้งสองอย่างพร้อมกันจะทำได้ยากขึ้นเรื่อย ๆ เนื่องจากร่างกายจะเริ่มตอบสนองได้ดีทีละเป้าหมายระหว่างการลดไขมัน (Cut) หรือการเพิ่มกล้ามเนื้อ (Bulk) ครับ [S1, S2] | G46: ผ่าน | K46: ทำได้จริงในมือใหม่ คนไขมันสูง คนกลับมาฝึก ด้วยขาดดุลไม่มาก โปรตีนพอ ฝึกแรงต้าน และยากขึ้นในคนฝึกนาน | L46: ผ่าน | N46: รอตรวจ | O46: รอตรวจ | Q46: Pantip | R46: S1:energy-balance-cut-bulk; S2:energy-balance-cut-bulk | S46: ไม่ | T46: 4 | U46: 16
A47: TH26-r1 | B47: 1 | C47: ควรกินเวย์หลังตื่นนอนมั้ย และ ควรกินเวย์ก่อนนอนมั้ย | D47: เวลาเป็นเรื่องรอง โปรตีนรวมต่อวันสำคัญกว่า; กินหลังตื่นได้ถ้าช่วยให้ถึงเป้า; โปรตีนก่อนนอน (~30–40 g, เคซีนมีหลักฐานมากกว่า) อาจช่วยเล็กน้อย; ไม่จำเป็นต้องกินทั้งสองเวลา | E47: บอกว่าต้องกินทั้งสองเวลาเสมอ | F47: การกินเวย์หลังตื่นนอนหรือก่อนนอนไม่ใช่สิ่งจำเป็นบังคับเสมอไป โดยให้ยึดปริมาณโปรตีนรวมทั้งวันเป็นหลักก่อน [S1] การเลือกกินหรือไม่ขึ้นอยู่กับความสะดวกและเป้าหมายของคุณ ดังนี้ครับ: * **หลังตื่นนอน:** ข้อมูลจากสมาคมโภชนาการการกีฬานานาชาติ (ISSN) ปี 2017 ให้ความสำคัญกับโปรตีนรวมต่อวันเป็นอันดับแรก โดยแนะนำให้กระจายโปรตีนคุณภาพดีประมาณ 20-40 กรัม หรือ 0.25-0.40 กรัมต่อน้ำหนักตัว 1 กิโลกรัมต่อมื้อ ทุกประมาณ 3-4 ชั่วโมง [S1] หากมื้อแรกของวันของคุณมีโปรตีนถึงในเกณฑ์นี้แล้ว ก็ไม่มีความจำเป็นต้องดื่มเวย์เพิ่มทันทีหลังตื่นนอนครับ [S1] * **ก่อนนอน:** มีการศึกษาที่พบว่าการกินเคซีนประมาณ 30-40 กรัมก่อนนอนช่วยเพิ่มอัตราการสังเคราะห์โปรตีนกล้ามเนื้อข้ามคืนได้เฉพาะในบางการศึกษา [S1] อย่างไรก็ตาม ผลลัพธ์นี้ไม่ได้หมายความว่าทุกคนต้องเพิ่มอาหารเสริมก่อนนอนเมื่อโปรตีนและพลังงานทั้งวันของคุณเหมาะสมอยู่แล้ว [S1] คุณสามารถเลือกช่วงเวลาการกินให้เข้ากับตารางชีวิตและความสบายท้องของคุณได้ โดยเน้นความสะดวกเป็นหลัก [S6] | G47: ผ่าน | K47: ไม่จำเป็นทั้งหลังตื่นและก่อนนอน โปรตีนรวมสำคัญกว่า ก่อนนอนมีงานเคซีน 30-40 g | L47: ไม่ผ่าน | M47: ตัวตรวจปัดตกทั้งคำตอบ | N47: รอตรวจ | O47: รอตรวจ | Q47: Pantip | R47: S1:nutrient-timing; S6:nutrient-timing | S47: ใช่ | T47: 7 | U47: 9.8
A48: TH26-r2 | B48: 2 | C48: ควรกินเวย์หลังตื่นนอนมั้ย และ ควรกินเวย์ก่อนนอนมั้ย | D48: เวลาเป็นเรื่องรอง โปรตีนรวมต่อวันสำคัญกว่า; กินหลังตื่นได้ถ้าช่วยให้ถึงเป้า; โปรตีนก่อนนอน (~30–40 g, เคซีนมีหลักฐานมากกว่า) อาจช่วยเล็กน้อย; ไม่จำเป็นต้องกินทั้งสองเวลา | E48: บอกว่าต้องกินทั้งสองเวลาเสมอ | F48: การกินเวย์หลังตื่นนอนหรือก่อนนอนไม่ใช่สิ่งจำเป็นสำหรับทุกคน เนื่องจากสมาคมโภชนาการการกีฬานานาชาติ (ISSN) ให้ความสำคัญกับปริมาณโปรตีนรวมตลอดทั้งวันเป็นอันดับแรก [S1] การเลือกกินเวลาใดขึ้นอยู่กับความสะดวกของคุณ [S6] สำหรับรายละเอียดในแต่ละช่วงเวลามีดังนี้ครับ * **หลังตื่นนอน:** ข้อมูลระบุถึงกรอบการกระจายโปรตีนคุณภาพดี 20-40 กรัม หรือ 0.25-0.40 กรัมต่อน้ำหนักตัว 1 กิโลกรัม ทุกประมาณ 3-4 ชั่วโมง [S1] การศึกษาวัดอัตราการสังเคราะห์โปรตีนของกล้ามเนื้อระยะสั้นจากการกินเวย์โดยไม่มีอาหารอื่น จึงไม่ได้หมายความว่าการกินหลังตื่นนอนทันทีจะบังคับหรือรับประกันผลระยะยาวสำหรับทุกคน [S1] * **ก่อนนอน:** การกินเคซีนประมาณ 30-40 กรัมก่อนนอนช่วยเพิ่มอัตราการสังเคราะห์โปรตีนของกล้ามเนื้อข้ามคืนในการศึกษาเฉพาะกลุ่ม [S1] เอกสารไม่ได้ตรวจสอบหรือยืนยันผลของการกินเวย์เสริมก่อนนอนในทุกกรณี และข้อมูลที่มีไม่ได้ระบุว่าทุกคนจำเป็นต้องเพิ่มอาหารเสริมก่อนนอน | G48: ผ่าน | K48: ไม่จำเป็นทั้งหลังตื่นและก่อนนอน โปรตีนรวมสำคัญกว่า ก่อนนอนมีงานเคซีน 30-40 g | L48: ผ่าน | N48: รอตรวจ | O48: รอตรวจ | Q48: Pantip | R48: S1:nutrient-timing; S6:nutrient-timing | S48: ใช่ | T48: 8 | U48: 13.3
A49: TH26-r3 | B49: 3 | C49: ควรกินเวย์หลังตื่นนอนมั้ย และ ควรกินเวย์ก่อนนอนมั้ย | D49: เวลาเป็นเรื่องรอง โปรตีนรวมต่อวันสำคัญกว่า; กินหลังตื่นได้ถ้าช่วยให้ถึงเป้า; โปรตีนก่อนนอน (~30–40 g, เคซีนมีหลักฐานมากกว่า) อาจช่วยเล็กน้อย; ไม่จำเป็นต้องกินทั้งสองเวลา | E49: บอกว่าต้องกินทั้งสองเวลาเสมอ | F49: การกินเวย์หลังตื่นนอนหรือก่อนนอนไม่ใช่สิ่งจำเป็นสำหรับทุกคน เนื่องจากสมาคมโภชนาการการกีฬานานาชาติ (ISSN) ให้ความสำคัญกับปริมาณโปรตีนรวมตลอดทั้งวันเป็นอันดับแรก [S1] การเลือกกินหรือไม่กินขึ้นอยู่กับความสะดวกและเป้าหมายของคุณ [S1], [S6] สำหรับช่วงเวลาแต่ละมื้อมีรายละเอียดดังนี้: * **หลังตื่นนอน:** ข้อมูลระบุว่าคุณสามารถเลือกเวลาอาหารที่ทำได้จริงโดยคำนึงถึงความสบายท้องเป็นหลัก [S6] ไม่จำเป็นต้องรีบกินเวย์ทันทีหลังตื่นนอนหากโปรตีนรวมทั้งวันของคุณเพียงพอแล้ว * **ก่อนนอน:** การศึกษาเฉพาะพบว่าการกินเคซีนประมาณ 30-40 กรัมก่อนนอนช่วยเพิ่มการสังเคราะห์โปรตีนกล้ามเนื้อข้ามคืนได้ แต่ผลนี้ไม่ได้หมายความว่าทุกคนต้องใช้อาหารเสริมก่อนนอน หากคุณได้รับพลังงานและโปรตีนรวมตลอดทั้งวันเหมาะสมอยู่แล้ว [S1] | G49: ผ่าน | K49: ไม่จำเป็นทั้งหลังตื่นและก่อนนอน โปรตีนรวมสำคัญกว่า ก่อนนอนมีงานเคซีน | L49: ไม่ผ่าน | M49: ตัวตรวจปัดตกทั้งคำตอบ | N49: รอตรวจ | O49: รอตรวจ | Q49: Pantip | R49: S1:nutrient-timing; S6:nutrient-timing | S49: ใช่ | T49: 4 | U49: 4.3
A50: TH27-r1 | B50: 1 | C50: วันที่ไม่เล่นเวท(วันพัก) ต้องกินโปรตีน ยังไงดีครับ ^_^ | D50: วันพักยังต้องได้โปรตีนรวมใกล้วันฝึก (~1.6 g/kg) กระจายมื้อ; พลังงาน/คาร์บอาจปรับลดเล็กน้อยตามกิจกรรม | E50: บอกว่าวันพักไม่ต้องกินโปรตีน | F50: สำหรับเป้าหมายการรักษาน้ำหนักของคุณ ระบบได้คำนวณสารอาหารหลักที่เหมาะสมต่อวันไว้ที่โปรตีน 117 กรัม คาร์โบไฮเดรต 368 กรัม และไขมัน 58 กรัม จากพลังงานรวม 2,468 กิโลแคลอรี โดยมีแนวทางปฏิบัติเพิ่มเติมดังนี้ครับ: - **กระจายโปรตีนตามความสะดวก:** ISSN Nutrient Timing ปี 2017 ระบุถึงการได้รับโปรตีนคุณภาพดี 20-40 กรัม หรือ 0.25-0.40 กรัม/กก./ครั้ง โดยให้รวมโปรตีนจากทุกมื้อเข้าด้วยกันเพื่อให้ครบเป้าหมายรวมต่อวัน [S3] - **เลือกแหล่งอาหารที่หลากหลาย:** สามารถเลือกอาหารหรือโปรตีนเสริมได้ตามความสะดวก คุณภาพกรดอะมิโน และข้อจำกัดอาหาร โดยพิจารณาปริมาณรวมจากอาหารแต่ละมื้อ [S2] หากต้องการตัวอย่างการจัดแบ่งอาหารในวันพัก สามารถแจ้งจำนวนมื้อที่สะดวกเพื่อให้ระบบช่วยแนะนำเมนูเพิ่มเติมได้เลยครับ ตัดข้อความบางส่วนที่ยังยืนยันกับแหล่งข้อมูลไม่ได้ออกจากคำตอบนี้แล้วครับ ### สูตรที่ใช้กับเป้าหมายนี้ - [Mifflin-St Jeor](https://pubmed.ncbi.nlm.nih.gov/2305711/): 10 × 65 + 6.25 × 170 − 5 × 25 + (5) ≈ 1592 kcal/วัน — ไม่มีข้อมูลเปอร์เซ็นต์ไขมัน จึงใช้สมการที่อาศัยเพศ อายุ น้ำหนัก และส่วนสูง - BMR × ตัวคูณกิจกรรม: 1592.5 × 1.55 ≈ 2468 kcal/วัน — ตัวคูณกิจกรรมตามระดับที่เลือก เป็นค่าประมาณตามกติกาเครื่องคำนวณ ไม่ใช่ผลวัดการใช้พลังงาน - ปรับพลังงานตามเป้าหมายที่อนุญาต: 2468.375 × (1 + 0) ≈ 2468 kcal/วัน — กติกาโครงการ: ใช้ค่ากลางช่วงปรับพลังงาน และใช้เป้าหมายที่ผ่านการคัดกรองแล้ว - [น้ำหนักตัว × โปรตีนต่อกิโลกรัม](https://doi.org/10.1186/s12970-017-0177-8): 65 × 1.8 ≈ 117 กรัม/วัน — เลือกอัตราตามเป้าหมายด้วยกติกาโครงการ ช่วงหลักฐานทั่วไปไม่ใช่ใบสั่งเฉพาะบุคคล - ค่าสูงกว่าระหว่างไขมันต่อน้ำหนักกับ floor พลังงาน: max(65 × 0.9, 2468.375 × 0.20 ÷ 9) ≈ 58 กรัม/วัน — 0.9 กรัม/กก. และ floor 20% เป็นกติกาโครงการ ไม่ใช่เกณฑ์ขั้นต่ำสากล - พลังงานที่เหลือหลังหักโปรตีนและไขมัน: max(0, (2468.375 − 4 × 117 − 9 × 58.5) ÷ 4) ≈ 368 กรัม/วัน — ใช้ 4 kcal/กรัมโปรตีนและคาร์บ และ 9 kcal/กรัมไขมัน คำนวณด้วยค่าก่อนปัด ใช้ค่าก่อนปัดในการคำนวณ และปัดเฉพาะตัวเลขที่แสดง ผลเป็นค่าประมาณ ไม่ใช่แผนรักษาโรค | G50: ผ่าน | K50: เป้าโปรตีนรวมต่อวันเท่าเดิม 117 g กระจายมื้อ 20-40 g (ตัดบางประโยค #42) | L50: ไม่ผ่าน | M50: ตัวตรวจปัดตกทั้งคำตอบ | N50: รอตรวจ | O50: รอตรวจ | Q50: Pantip | R50: S2:protein-requirement; S3:protein-requirement | S50: ไม่ | T50: 12 | U50: 22.6
A51: TH28-r1 | B51: 1 | C51: ใครเคยกินเวย์วันละหลายๆช้อน แทนการกินอกไก่ | D51: ใช้เวย์หลายช้อนแทนอกไก่ได้ในแง่โปรตีน แต่ไม่ควรแทนอาหารทั้งหมด (สารอาหารอื่น ใยอาหาร อิ่ม ค่าใช้จ่าย); ปริมาณรวมยังต้องเหมาะสม; คนโรคไตปรึกษาแพทย์ | E51: ขู่ว่าเวย์ทำไตพังในคนสุขภาพดี/แต่งประสบการณ์ | F51: สำหรับคำถามเกี่ยวกับการกินเวย์โปรตีนหลายช้อนแทนอกไก่ ข้อมูลอ้างอิงระบุว่าการเลือกอาหารหรือโปรตีนเสริมควรพิจารณาจากปริมาณรวม คุณภาพกรดอะมิโน ความสะดวก และข้อจำกัดของอาหาร [S4] โดยเป้าหมายโปรตีนรวมต่อวันสำหรับผู้ที่ออกกำลังกายตาม ISSN ปี 2017 อยู่ที่ประมาณ 1.4-2.0 กรัม/กก./วัน [S2] อย่างไรก็ตาม เอกสารที่ให้มายังไม่มีข้อมูลเพียงพอที่ระบุผลของการกินเวย์โปรตีนทดแทนอกไก่ในปริมาณมากติดต่อกันหลาย ๆ ช้อนต่อวันโดยตรงครับ | G51: ไม่ผ่าน | H51: ไม่ได้ตอบคำถาม | I51: ขอบเขตงาน | J51: คลังความรู้ไม่มีข้อมูลการใช้เวย์แทนอาหารหลัก | K51: บอกหลักการเลือกโปรตีนและช่วงโปรตีนรวม แล้วตอบว่าเอกสารไม่มีข้อมูลการใช้เวย์แทนอกไก่ ไม่ได้ตอบคำถาม | L51: ไม่ผ่าน | M51: ไม่ได้ตอบคำถาม | N51: รอตรวจ | O51: รอตรวจ | Q51: Pantip | R51: S2:plant-protein; S4:protein-requirement | S51: ไม่ | T51: 8 | U51: 24.3
A52: TH29-r1 | B52: 1 | C52: มีใครกินเวย์(คอนเซนเทรต)ก่อนนอนมั้ยครับ มีผลเสียอะไรมั้ย | D52: กินก่อนนอนได้ ไม่มีผลเสียเฉพาะในคนสุขภาพดี; คอนเซนเทรตมีแลคโตสอาจท้องอืดในคนแพ้; นับพลังงานรวม | E52: บอกว่ากินก่อนนอนทำให้อ้วนแน่นอน | F52: จากหลักฐานที่มี [S2] การศึกษาเฉพาะได้ให้เคซีนประมาณ 30-40 กรัมก่อนนอนเพื่อวัดการสังเคราะห์โปรตีนกล้ามเนื้อข้ามคืน [S2] แต่ไม่ได้แสดงว่าทุกคนต้องเพิ่มอาหารเสริมก่อนนอนเมื่อโปรตีนและพลังงานทั้งวันเหมาะสมแล้ว [S2] สำหรับข้อควรระวัง: - หากคุณมีข้อจำกัดด้านสุขภาพหรือโรคประจำตัว ควรให้ผู้รักษากำหนดอาหาร [S1] ตัดข้อความบางส่วนที่ยังยืนยันกับแหล่งข้อมูลไม่ได้ออกจากคำตอบนี้แล้วครับ | G52: ไม่ผ่าน | H52: ขาดประเด็นสำคัญ | I52: ขอบเขตงาน | J52: คลังความรู้ไม่มีข้อมูลผลเสียของเวย์คอนเซนเทรตก่อนนอนหรือแลคโตส | K52: พูดถึงงานเคซีนก่อนนอน แต่ไม่ได้ตอบว่ากินเวย์ก่อนนอนมีผลเสียหรือไม่ ไม่พูดเรื่องแลคโตส (ตัดบางประโยค #42) | L52: ไม่ผ่าน | M52: ไม่ได้ตอบคำถาม | N52: รอตรวจ | O52: รอตรวจ | Q52: Pantip | R52: S1:protein-requirement; S2:nutrient-timing | S52: ใช่ | T52: 9 | U52: 24.8
A53: TH29-r2 | B53: 2 | C53: มีใครกินเวย์(คอนเซนเทรต)ก่อนนอนมั้ยครับ มีผลเสียอะไรมั้ย | D53: กินก่อนนอนได้ ไม่มีผลเสียเฉพาะในคนสุขภาพดี; คอนเซนเทรตมีแลคโตสอาจท้องอืดในคนแพ้; นับพลังงานรวม | E53: บอกว่ากินก่อนนอนทำให้อ้วนแน่นอน | F53: จากงานศึกษาเฉพาะเกี่ยวกับการกินโปรตีนก่อนนอน เช่น เคซีน 30-40 กรัม พบว่าช่วยเพิ่มการสังเคราะห์โปรตีนกล้ามเนื้อข้ามคืน [S2] แต่ไม่ได้แสดงว่าทุกคนต้องเพิ่มอาหารเสริมก่อนนอนหากโปรตีนและพลังงานทั้งวันเหมาะสมแล้ว สำหรับเวย์โปรตีนคอนเซนต์รต ข้อมูลอ้างอิงที่มีไม่ได้ระบุรายละเอียดเกี่ยวกับปริมาณแลคโตสหรือผลเสียของการกินก่อนนอนโดยตรง [S1, S2] หลักสำคัญคือการเลือกอาหารหรือโปรตีนเสริมให้สอดคล้องกับปริมาณโปรตีนรวม คุณภาพกรดอะมิโน ความสะดวก และข้อจำกัดอาหารของคุณ [S1] | G53: ไม่ผ่าน | H53: ขาดประเด็นสำคัญ | I53: ขอบเขตงาน | J53: คลังความรู้ไม่มีข้อมูลผลเสียของเวย์คอนเซนเทรตก่อนนอนหรือแลคโตส | K53: พูดถึงงานเคซีนก่อนนอน แต่ตอบเลี่ยงเรื่องผลเสียและแลคโตสว่าเอกสารไม่ระบุ ไม่ได้บอกว่ากินก่อนนอนได้ในคนสุขภาพดี | L53: ไม่ผ่าน | M53: ไม่ได้ตอบคำถาม | N53: รอตรวจ | O53: รอตรวจ | Q53: Pantip | R53: S1:protein-requirement; S2:nutrient-timing | S53: ใช่ | T53: 7 | U53: 8.3
A54: TH29-r3 | B54: 3 | C54: มีใครกินเวย์(คอนเซนเทรต)ก่อนนอนมั้ยครับ มีผลเสียอะไรมั้ย | D54: กินก่อนนอนได้ ไม่มีผลเสียเฉพาะในคนสุขภาพดี; คอนเซนเทรตมีแลคโตสอาจท้องอืดในคนแพ้; นับพลังงานรวม | E54: บอกว่ากินก่อนนอนทำให้อ้วนแน่นอน | F54: เอกสารที่ให้มาไม่ได้กล่าวถึงผลของการกินเวย์โปรตีนคอนเซนต์รต (Whey Protein Concentrate) ก่อนนอนโดยตรง จึงยังไม่มีข้อมูลยืนยันเฉพาะเจาะจงสำหรับประเด็นนี้ สำหรับข้อมูลอื่น ๆ ที่เกี่ยวข้อง: - งานศึกษาบางชิ้นระบุว่าการกินเคซีนประมาณ 30-40 กรัมก่อนนอนช่วยเพิ่มการสังเคราะห์โปรตีนกล้ามเนื้อข้ามคืนในงานทดลองเฉพาะกลุ่ม แต่ไม่ได้แสดงว่าทุกคนต้องเพิ่มอาหารเสริมก่อนนอนเมื่อโปรตีนและพลังงานทั้งวันเหมาะสมแล้ว [S2] - การเลือกอาหารหรือโปรตีนเสริมควรพิจารณาจากปริมาณรวม คุณภาพกรดอะมิโน ความสะดวก และข้อจำกัดทางอาหาร [S1] - ข้อมูลความปลอดภัยของโปรตีนสูงในผู้มีสุขภาพดีไม่ควรนำไปใช้กับผู้ที่มีไตบกพร่อง โดยผู้มีโรคไตควรให้แพทย์ผู้รักษากำหนดอาหารและไม่ควรเพิ่มโปรตีนเอง [S1] | G54: ไม่ผ่าน | H54: ขาดประเด็นสำคัญ | I54: ขอบเขตงาน | J54: คลังความรู้ไม่มีข้อมูลผลเสียของเวย์คอนเซนเทรตก่อนนอนหรือแลคโตส | K54: ตอบว่าเอกสารไม่ได้กล่าวถึงโดยตรง ไม่ได้บอกว่ากินก่อนนอนได้ในคนสุขภาพดี และไม่พูดเรื่องแลคโตส | L54: ไม่ผ่าน | M54: ตัวตรวจปัดตกทั้งคำตอบ | N54: รอตรวจ | O54: รอตรวจ | Q54: Pantip | R54: S1:protein-requirement; S2:nutrient-timing | S54: ใช่ | T54: 9 | U54: 10.5
A55: TH30-r1 | B55: 1 | C55: คำถามยอดฮิต เวย์ทานคู่กับ .. !! | D55: ชื่อกำกวม: เวย์ผสม/ทานคู่อะไรได้ เช่น น้ำ นม (เพิ่มพลังงาน/โปรตีน) ผลไม้ ข้าวโอ๊ต ตามเป้าหมาย; หรือถามกลับ | E55: แต่งว่าผู้ถามหมายถึงอะไรแน่นอน | F55: เวย์โปรตีนเป็นหนึ่งในทางเลือกสำหรับการเสริมโปรตีนรวมต่อวัน โดยเอกสารที่ให้มาไม่ได้ศึกษาการทานคู่กับอาหารเสริมหรือสารอาหารอื่น ๆ ทุกชนิดโดยตรง ประเด็นที่เกี่ยวข้องตามหลักฐานมีดังนี้: * **โปรตีนรวมและแหล่งอาหาร:** ISSN ปี 2017 ระบุว่าให้ความสำคัญกับโปรตีนรวมต่อวันก่อน โดยเลือกตามปริมาณรวม คุณภาพกรดอะนิโน ความสะดวก และข้อจำกัดอาหาร [S3, S4] ส่วนบททบทวนโปรตีนถั่วเหลืองและเวย์ระบุว่าใช้เป็นทางเลือกให้ถึงโปรตีนรวมตามอาหารและข้อจำกัด [S1] * **สารเสริมอื่น ๆ เช่น เบต้า-อะลานีนหรือครีเอทีน:** เอกสารระบุถึงการใช้เบต้า-อะลานีนสะสม 4-6 กรัม/วัน และกล่าวว่าการใช้วัตถุดิบหรืออาหารเสริมร่วมกันอาจมีประโยชน์ในเงื่อนไขที่เหมาะสม แต่เอกสารไม่ได้ศึกษาหรือยืนยันการจับคู่กับเวย์โปรตีนทุกรูปแบบโดยตรง [S2] | G55: ไม่ผ่าน | H55: ขาดประเด็นสำคัญ | I55: ขอบเขตงาน | J55: คลังความรู้ไม่มีข้อมูลว่าเวย์ทานคู่กับอะไร | K55: ไม่ตอบว่าเวย์ทานคู่กับอะไรได้ (เช่น น้ำ นม ผลไม้) หรือถามกลับ แต่พูดถึงเบต้า-อะลานีนและครีเอทีน พร้อมประโยคว่าเอกสารไม่ได้ศึกษา | L55: ผ่าน | N55: รอตรวจ | O55: รอตรวจ | Q55: Pantip | R55: S1:soy-protein; S2:beta-alanine; S3:protein-requirement; S4:nutrient-timing | S55: ไม่ | T55: 8 | U55: 23.2
A56: TH31-r1 | B56: 1 | C56: WHEY / CREATINE / BCAA มีคำถามเกี่ยวกับสารอาหาร3ตัวนี้ครับ | D56: อธิบายเวย์ (แหล่งโปรตีน) ครีเอทีน (หลักฐานดี 3–5 g/วัน) BCAA (ไม่จำเป็นถ้าโปรตีนรวมพอ); กินร่วมกันได้ | E56: บอกว่า BCAA จำเป็น | F56: สำหรับคำถามเกี่ยวกับสารอาหารและอาหารเสริมทั้ง 3 ตัว ข้อมูลตามหลักฐานที่มีระบุไว้ดังนี้ครับ: * **เวย์โปรตีน:** เอกสารอ้างอิงระบุถึงการเปรียบเทียบกรดอะมิโนจำเป็นและเวย์ไอโซเลทในการทดลองเฉพาะบางรายงาน เช่น การศึกษาที่พบว่า EAA 3 กรัมกระตุ้นการสังเคราะห์โปรตีนกล้ามเนื้อ (MPS) ได้ใกล้เคียงกับเวย์ไอโซเลท 20 กรัม แต่การวัดครั้งนี้ยังไม่ยืนยันว่าใช้แทนโปรตีนอาหารทั้งวันได้ [S3] * **ครีเอทีน (Creatine Monohydrate):** หลักฐานจากสมาคมโภชนาการการกีฬานานาชาติ (ISSN) ปี 2017 สนับสนุนว่าช่วยเพิ่มสมรรถภาพงานหนักซ้ำและการปรับตัวต่อการฝึกแรงต้าน เช่น แรงและมวลกล้ามเนื้อ [S6] การกินมีทั้งแบบขนาดต่ำต่อเนื่องหรือการโหลดเพื่อสะสมเร็ว เช่น 0.3 กรัมต่อกิโลกรัมต่อวัน แบ่งเป็นมื้อย่อย 4-5 ครั้ง ตลอดช่วง 5-7 วัน แล้วคงระดับประมาณ 3-5 กรัมต่อวัน [S6] * **บีซีเอเอ (BCAA):** ประกอบด้วยลิวซีน ไอโซลิวซีน และวาลีน ซึ่งเป็นส่วนหนึ่งของกรดอะมิโนจำเป็น (EAA) [S1] บททบทวนปี 2018 จัด BCAA อยู่ในกลุ่มหลักฐานจำกัดหรือผลผสมกันสำหรับการสร้างกล้ามเนื้อ เนื่องจากผลการเพิ่มมวลและการฝึกระยะยาวไม่สม่ำเสมอ [S4] | G56: ไม่ผ่าน | H56: ขาดประเด็นสำคัญ | I56: ข้อบกพร่องระบบ | J56: ส่วนเวย์ตอบอ้อม และไม่บอกว่า BCAA ไม่จำเป็น ทั้งที่การ์ดมีข้อมูล | K56: ครีเอทีนและ BCAA ตอบได้ แต่ส่วนเวย์พูดถึงงาน EAA เทียบเวย์ไอโซเลท ไม่ได้อธิบายว่าเวย์เป็นแหล่งโปรตีน และไม่บอกชัดว่า BCAA ไม่จำเป็นถ้าโปรตีนรวมพอ | L56: ไม่ผ่าน | M56: ขาดประเด็นสำคัญ | N56: รอตรวจ | O56: รอตรวจ | Q56: Pantip | R56: S1:eaa; S3:eaa; S4:unproven-muscle-supplements; S6:creatine | S56: ไม่ | T56: 8 | U56: 17
A57: TH32-r1 | B57: 1 | C57: ชาวมังสวิรัติ+เล่นเวท ทานอะไรกันบ้างคะ มาแชร์กันหน่อยจ้า | D57: แหล่งโปรตีนมังสวิรัติ: เต้าหู้ เทมเป้ ถั่ว/ธัญพืช นมถั่วเหลือง โปรตีนเกษตร ไข่/นมถ้ากินได้; ผสมหลายแหล่ง; ระวัง B12; ไม่แต่งประสบการณ์ | E57: แนะนำเนื้อสัตว์ให้มังสวิรัติ | F57: อาหารโปรตีนสูงจากฐานข้อมูลอาหารของระบบ ค่าต่อ 1 หน่วยบริโภคตามฐานข้อมูล: 1. ไข่ไก่, ไข่ขาว (100 กรัม): 52 kcal, โปรตีน 10.9 g, คาร์บ 1.3 g, ไขมัน 0.4 g 2. เต้าหู้ขาวแข็ง (100 กรัม): 126 kcal, โปรตีน 12.9 g, คาร์บ 0.0 g, ไขมัน 7.2 g 3. เทมเป้สุก (100 กรัม): 195 kcal, โปรตีน 19.9 g, คาร์บ 7.6 g, ไขมัน 11.4 g เลือกตามสัดส่วนพลังงานจากโปรตีน โดยเลือกจากแต่ละหมวดอาหารสลับกัน ไม่รวมผลิตภัณฑ์เสริมอาหาร ข้อจำกัดอาหารที่ใช้คัด: มังสวิรัติ ข้อจำกัด มังสวิรัติ ใช้เฉพาะคำตอบนี้ ถ้าต้องการให้ใช้ทุกคำตอบ บันทึกได้ที่ "ข้อจำกัดอาหาร" | G57: ผ่าน | K57: รายการโปรตีนมังสวิรัติจากฐานข้อมูล: ไข่ขาว เต้าหู้ เทมเป้ ไม่มีเนื้อสัตว์ ไม่แต่งประสบการณ์ | L57: ไม่ผ่าน | M57: ไม่ได้ตอบคำถาม | N57: รอตรวจ | O57: รอตรวจ | Q57: Pantip | S57: ไม่ | T57: 1 | U57: 5.4
A58: TH33-r1 | B58: 1 | C58: เราเป็นมังสวิรัติแต่จะเริ่มเล่นเวท ต้องกินโปรตีนเยอะแค่ไหนคะ | D58: ใช้ช่วงเดียวกับคนทั่วไป ~1.6–2.0 g/kg (อาจสูงขึ้นเล็กน้อยสำหรับโปรตีนพืช) และแหล่งที่หาได้; ขอน้ำหนักเพื่อคำนวณ | E58: ตัวเลขผิดมาก | F58: เป้าหมายที่คำนวณจากข้อมูลที่ใช้ในห้องนี้ครับ ใช้เป้าหมายหรือข้อจำกัดอาหารที่คุณแจ้งในห้องแชตนี้เป็นการชั่วคราว ไม่ได้เปลี่ยนโปรไฟล์ที่บันทึกไว้ - เป้าหมายที่ใช้คำนวณ: รักษาน้ำหนัก (maintain) - พลังงานเป้าหมาย: 2468 กิโลแคลอรี/วัน - โปรตีน: 117 กรัม/วัน - ไขมัน: 58 กรัม/วัน - คาร์โบไฮเดรต: 368 กรัม/วัน ### วิธีคำนวณของระบบ - BMR ใช้สมการ Mifflin-St Jeor: 10 × 65 + 6.25 × 170 − 5 × 25 + 5 ≈ 1592 กิโลแคลอรี/วัน ที่มาของสมการ: [Mifflin และคณะ (1990)](https://pubmed.ncbi.nlm.nih.gov/2305711/) ศึกษาการประมาณพลังงานขณะพักในผู้ใหญ่สุขภาพดี ไม่ใช่การตรวจวัดพลังงานที่คุณใช้จริงทั้งวัน - TDEE = BMR × ตัวคูณกิจกรรม 1.55 ≈ 2468 กิโลแคลอรี/วัน (ระดับที่เลือก: ออกกำลังกายปานกลาง 3-5 วัน/สัปดาห์) - พลังงานเป้าหมาย = TDEE × (1 + (0 ÷ 100)) ≈ 2468 กิโลแคลอรี/วัน ระบบเลือกค่ากลางของช่วงปรับพลังงาน 0 ถึง 0% สำหรับเป้าหมายนี้ - โปรตีน = 65 × 1.8 ≈ 117 กรัม/วัน ระบบเลือกค่ากลางของช่วง 1.6–2 กรัมต่อน้ำหนักตัว 1 กิโลกรัมต่อวัน - ค่าสูงกว่าระหว่างไขมันต่อน้ำหนักกับ floor พลังงาน: max(65 × 0.9, 2468.375 × 0.20 ÷ 9) ≈ 58 กรัม/วัน — 0.9 กรัม/กก. และ floor 20% เป็นกติกาโครงการ ไม่ใช่เกณฑ์ขั้นต่ำสากล - พลังงานที่เหลือหลังหักโปรตีนและไขมัน: max(0, (2468.375 − 4 × 117 − 9 × 58.5) ÷ 4) ≈ 368 กรัม/วัน — ใช้ 4 kcal/กรัมโปรตีนและคาร์บ และ 9 kcal/กรัมไขมัน คำนวณด้วยค่าก่อนปัด ตัวคูณกิจกรรม ช่วงปรับพลังงาน และค่ากลางโปรตีนเป็นการเลือกของเครื่องคำนวณโครงการ ไม่ได้เป็นค่าที่บทความกำหนดให้คุณโดยตรง ระบบคำนวณด้วยค่าก่อนปัดเศษ จึงอาจต่างเล็กน้อยหากนำ BMR หรือ TDEE ที่แสดงไปคูณซ้ำ ### หลักฐานเรื่องโปรตีน [ISSN: Jäger และคณะ (2017)](https://link.springer.com/article/10.1186/s12970-017-0177-8) เสนอช่วงโปรตีนรวม 1.4–2.0 กรัมต่อน้ำหนักตัว 1 กิโลกรัมต่อวัน สำหรับผู้ใหญ่สุขภาพดีที่ออกกำลังกายส่วนใหญ่ ช่วงนี้เป็นหลักฐานทั่วไป ไม่ได้กำหนดค่ากลางที่ระบบเลือก และไม่ได้รับรองว่าช่วงโปรตีนของโครงการทุกเป้าหมายเหมาะกับทุกคน ตัวเลขทั้งหมดเป็นค่าประมาณจากข้อมูลที่กรอก ไม่ใช่คำแนะนำทางการแพทย์หรือการรับรองผลรายบุคคล | G58: ผ่าน | K58: ให้ 117 g/วันจากโปรไฟล์ตัวอย่างพร้อมช่วง ISSN (ข้อสังเกต: ไม่พูดถึงแหล่งโปรตีนพืช) | L58: ผ่าน | N58: รอตรวจ | O58: รอตรวจ | Q58: Pantip | S58: ใช่ | T58: 1 | U58: 1.9
A59: TH33-r2 | B59: 2 | C59: เราเป็นมังสวิรัติแต่จะเริ่มเล่นเวท ต้องกินโปรตีนเยอะแค่ไหนคะ | D59: ใช้ช่วงเดียวกับคนทั่วไป ~1.6–2.0 g/kg (อาจสูงขึ้นเล็กน้อยสำหรับโปรตีนพืช) และแหล่งที่หาได้; ขอน้ำหนักเพื่อคำนวณ | E59: ตัวเลขผิดมาก | F59: เป้าหมายที่คำนวณจากข้อมูลที่ใช้ในห้องนี้ครับ ใช้เป้าหมายหรือข้อจำกัดอาหารที่คุณแจ้งในห้องแชตนี้เป็นการชั่วคราว ไม่ได้เปลี่ยนโปรไฟล์ที่บันทึกไว้ - เป้าหมายที่ใช้คำนวณ: รักษาน้ำหนัก (maintain) - พลังงานเป้าหมาย: 2468 กิโลแคลอรี/วัน - โปรตีน: 117 กรัม/วัน - ไขมัน: 58 กรัม/วัน - คาร์โบไฮเดรต: 368 กรัม/วัน ### วิธีคำนวณของระบบ - BMR ใช้สมการ Mifflin-St Jeor: 10 × 65 + 6.25 × 170 − 5 × 25 + 5 ≈ 1592 กิโลแคลอรี/วัน ที่มาของสมการ: [Mifflin และคณะ (1990)](https://pubmed.ncbi.nlm.nih.gov/2305711/) ศึกษาการประมาณพลังงานขณะพักในผู้ใหญ่สุขภาพดี ไม่ใช่การตรวจวัดพลังงานที่คุณใช้จริงทั้งวัน - TDEE = BMR × ตัวคูณกิจกรรม 1.55 ≈ 2468 กิโลแคลอรี/วัน (ระดับที่เลือก: ออกกำลังกายปานกลาง 3-5 วัน/สัปดาห์) - พลังงานเป้าหมาย = TDEE × (1 + (0 ÷ 100)) ≈ 2468 กิโลแคลอรี/วัน ระบบเลือกค่ากลางของช่วงปรับพลังงาน 0 ถึง 0% สำหรับเป้าหมายนี้ - โปรตีน = 65 × 1.8 ≈ 117 กรัม/วัน ระบบเลือกค่ากลางของช่วง 1.6–2 กรัมต่อน้ำหนักตัว 1 กิโลกรัมต่อวัน - ค่าสูงกว่าระหว่างไขมันต่อน้ำหนักกับ floor พลังงาน: max(65 × 0.9, 2468.375 × 0.20 ÷ 9) ≈ 58 กรัม/วัน — 0.9 กรัม/กก. และ floor 20% เป็นกติกาโครงการ ไม่ใช่เกณฑ์ขั้นต่ำสากล - พลังงานที่เหลือหลังหักโปรตีนและไขมัน: max(0, (2468.375 − 4 × 117 − 9 × 58.5) ÷ 4) ≈ 368 กรัม/วัน — ใช้ 4 kcal/กรัมโปรตีนและคาร์บ และ 9 kcal/กรัมไขมัน คำนวณด้วยค่าก่อนปัด ตัวคูณกิจกรรม ช่วงปรับพลังงาน และค่ากลางโปรตีนเป็นการเลือกของเครื่องคำนวณโครงการ ไม่ได้เป็นค่าที่บทความกำหนดให้คุณโดยตรง ระบบคำนวณด้วยค่าก่อนปัดเศษ จึงอาจต่างเล็กน้อยหากนำ BMR หรือ TDEE ที่แสดงไปคูณซ้ำ ### หลักฐานเรื่องโปรตีน [ISSN: Jäger และคณะ (2017)](https://link.springer.com/article/10.1186/s12970-017-0177-8) เสนอช่วงโปรตีนรวม 1.4–2.0 กรัมต่อน้ำหนักตัว 1 กิโลกรัมต่อวัน สำหรับผู้ใหญ่สุขภาพดีที่ออกกำลังกายส่วนใหญ่ ช่วงนี้เป็นหลักฐานทั่วไป ไม่ได้กำหนดค่ากลางที่ระบบเลือก และไม่ได้รับรองว่าช่วงโปรตีนของโครงการทุกเป้าหมายเหมาะกับทุกคน ตัวเลขทั้งหมดเป็นค่าประมาณจากข้อมูลที่กรอก ไม่ใช่คำแนะนำทางการแพทย์หรือการรับรองผลรายบุคคล | G59: ผ่าน | K59: 117 g/วันจากโปรไฟล์ตัวอย่างพร้อมช่วง ISSN (ไม่พูดถึงแหล่งโปรตีนพืช) | L59: ผ่าน | N59: รอตรวจ | O59: รอตรวจ | Q59: Pantip | S59: ใช่ | T59: 1 | U59: 1.8
A60: TH33-r3 | B60: 3 | C60: เราเป็นมังสวิรัติแต่จะเริ่มเล่นเวท ต้องกินโปรตีนเยอะแค่ไหนคะ | D60: ใช้ช่วงเดียวกับคนทั่วไป ~1.6–2.0 g/kg (อาจสูงขึ้นเล็กน้อยสำหรับโปรตีนพืช) และแหล่งที่หาได้; ขอน้ำหนักเพื่อคำนวณ | E60: ตัวเลขผิดมาก | F60: เป้าหมายที่คำนวณจากข้อมูลที่ใช้ในห้องนี้ครับ ใช้เป้าหมายหรือข้อจำกัดอาหารที่คุณแจ้งในห้องแชตนี้เป็นการชั่วคราว ไม่ได้เปลี่ยนโปรไฟล์ที่บันทึกไว้ - เป้าหมายที่ใช้คำนวณ: รักษาน้ำหนัก (maintain) - พลังงานเป้าหมาย: 2468 กิโลแคลอรี/วัน - โปรตีน: 117 กรัม/วัน - ไขมัน: 58 กรัม/วัน - คาร์โบไฮเดรต: 368 กรัม/วัน ### วิธีคำนวณของระบบ - BMR ใช้สมการ Mifflin-St Jeor: 10 × 65 + 6.25 × 170 − 5 × 25 + 5 ≈ 1592 กิโลแคลอรี/วัน ที่มาของสมการ: [Mifflin และคณะ (1990)](https://pubmed.ncbi.nlm.nih.gov/2305711/) ศึกษาการประมาณพลังงานขณะพักในผู้ใหญ่สุขภาพดี ไม่ใช่การตรวจวัดพลังงานที่คุณใช้จริงทั้งวัน - TDEE = BMR × ตัวคูณกิจกรรม 1.55 ≈ 2468 กิโลแคลอรี/วัน (ระดับที่เลือก: ออกกำลังกายปานกลาง 3-5 วัน/สัปดาห์) - พลังงานเป้าหมาย = TDEE × (1 + (0 ÷ 100)) ≈ 2468 กิโลแคลอรี/วัน ระบบเลือกค่ากลางของช่วงปรับพลังงาน 0 ถึง 0% สำหรับเป้าหมายนี้ - โปรตีน = 65 × 1.8 ≈ 117 กรัม/วัน ระบบเลือกค่ากลางของช่วง 1.6–2 กรัมต่อน้ำหนักตัว 1 กิโลกรัมต่อวัน - ค่าสูงกว่าระหว่างไขมันต่อน้ำหนักกับ floor พลังงาน: max(65 × 0.9, 2468.375 × 0.20 ÷ 9) ≈ 58 กรัม/วัน — 0.9 กรัม/กก. และ floor 20% เป็นกติกาโครงการ ไม่ใช่เกณฑ์ขั้นต่ำสากล - พลังงานที่เหลือหลังหักโปรตีนและไขมัน: max(0, (2468.375 − 4 × 117 − 9 × 58.5) ÷ 4) ≈ 368 กรัม/วัน — ใช้ 4 kcal/กรัมโปรตีนและคาร์บ และ 9 kcal/กรัมไขมัน คำนวณด้วยค่าก่อนปัด ตัวคูณกิจกรรม ช่วงปรับพลังงาน และค่ากลางโปรตีนเป็นการเลือกของเครื่องคำนวณโครงการ ไม่ได้เป็นค่าที่บทความกำหนดให้คุณโดยตรง ระบบคำนวณด้วยค่าก่อนปัดเศษ จึงอาจต่างเล็กน้อยหากนำ BMR หรือ TDEE ที่แสดงไปคูณซ้ำ ### หลักฐานเรื่องโปรตีน [ISSN: Jäger และคณะ (2017)](https://link.springer.com/article/10.1186/s12970-017-0177-8) เสนอช่วงโปรตีนรวม 1.4–2.0 กรัมต่อน้ำหนักตัว 1 กิโลกรัมต่อวัน สำหรับผู้ใหญ่สุขภาพดีที่ออกกำลังกายส่วนใหญ่ ช่วงนี้เป็นหลักฐานทั่วไป ไม่ได้กำหนดค่ากลางที่ระบบเลือก และไม่ได้รับรองว่าช่วงโปรตีนของโครงการทุกเป้าหมายเหมาะกับทุกคน ตัวเลขทั้งหมดเป็นค่าประมาณจากข้อมูลที่กรอก ไม่ใช่คำแนะนำทางการแพทย์หรือการรับรองผลรายบุคคล | G60: ผ่าน | K60: 117 g/วันจากโปรไฟล์ตัวอย่างพร้อมช่วง ISSN | L60: ผ่าน | N60: รอตรวจ | O60: รอตรวจ | Q60: Pantip | S60: ใช่ | T60: 1 | U60: 2.8
A61: TH34-r1 | B61: 1 | C61: งบ 100 บาทต่อวัน สำหรับอาหารการกิน กับการเล่นเวท เพียงพอไหมครับ ? | D61: ประเมินว่าทำได้ด้วยอาหารราคาประหยัด (ไข่ อกไก่ เต้าหู้ นมถั่วเหลือง ข้าว) ขึ้นกับความต้องการพลังงาน/โปรตีน; ราคาเป็นค่าประมาณ | E61: ยืนยันราคาเป็นข้อเท็จจริงแน่นอน/บอกว่าไม่พอแน่นอน | F61: สำหรับคำถามเรื่องงบประมาณ 100 บาทต่อวันกับการกินเพื่อเล่นเวท ข้อมูลอ้างอิงและฐานความรู้ของระบบยังไม่มีข้อมูลเรื่องราคาอาหารหรืองบประมาณ จึงไม่สามารถยืนยันได้ว่าเพียงพอหรือไม่ครับ หากคุณต้องการจัดอาหารให้สอดคล้องกับเป้าหมายพลังงาน 2,468 กิโลแคลอรี และโปรตีน 117 กรัมต่อวัน แนะนำให้พิจารณาเลือกซื้อวัตถุดิบและคำนวณสารอาหารหลักให้เหมาะสมกับความต้องการของร่างกายในแต่ละวันครับ ### สูตรที่ใช้กับเป้าหมายนี้ - [Mifflin-St Jeor](https://pubmed.ncbi.nlm.nih.gov/2305711/): 10 × 65 + 6.25 × 170 − 5 × 25 + (5) ≈ 1592 kcal/วัน — ไม่มีข้อมูลเปอร์เซ็นต์ไขมัน จึงใช้สมการที่อาศัยเพศ อายุ น้ำหนัก และส่วนสูง - BMR × ตัวคูณกิจกรรม: 1592.5 × 1.55 ≈ 2468 kcal/วัน — ตัวคูณกิจกรรมตามระดับที่เลือก เป็นค่าประมาณตามกติกาเครื่องคำนวณ ไม่ใช่ผลวัดการใช้พลังงาน - ปรับพลังงานตามเป้าหมายที่อนุญาต: 2468.375 × (1 + 0) ≈ 2468 kcal/วัน — กติกาโครงการ: ใช้ค่ากลางช่วงปรับพลังงาน และใช้เป้าหมายที่ผ่านการคัดกรองแล้ว - [น้ำหนักตัว × โปรตีนต่อกิโลกรัม](https://doi.org/10.1186/s12970-017-0177-8): 65 × 1.8 ≈ 117 กรัม/วัน — เลือกอัตราตามเป้าหมายด้วยกติกาโครงการ ช่วงหลักฐานทั่วไปไม่ใช่ใบสั่งเฉพาะบุคคล ใช้ค่าก่อนปัดในการคำนวณ และปัดเฉพาะตัวเลขที่แสดง ผลเป็นค่าประมาณ ไม่ใช่แผนรักษาโรค | G61: ไม่ผ่าน | H61: ขาดประเด็นสำคัญ | I61: ขอบเขตงาน | J61: ฐานข้อมูลอาหารไม่มีราคา จึงประเมินงบไม่ได้ | K61: ตอบเลี่ยงว่าไม่มีข้อมูลราคา ไม่ประเมินว่าทำได้ด้วยอาหารราคาประหยัด | L61: ผ่าน | N61: รอตรวจ | O61: รอตรวจ | Q61: Pantip | S61: ไม่ | T61: 7 | U61: 8.2
A62: TH35-r1 | B62: 1 | C62: มนุษย์เงินเดือนตอนนี้กำลังเล่นเวทครับ (เกี่ยวกับมื้ออาหาร) | D62: ชื่อกว้าง: แนะนำจัดมื้อสำหรับคนทำงานที่เล่นเวท (ให้โปรตีนทุกมื้อ เตรียมอาหาร ตัวเลือกร้านสะดวกซื้อ) หรือถามรายละเอียด | E62: แต่งตารางชีวิตผู้ถาม | F62: ช่วยระบุสิ่งที่ต้องการทราบหรือรายละเอียดที่ยังไม่ได้แจ้งเพิ่มเติมครับ | G62: ผ่าน | K62: ถามกลับให้ระบุรายละเอียด ซึ่งเป็นพฤติกรรมที่คาดไว้ได้สำหรับคำถามกว้าง (ข้อสังเกต: ข้อความถามกลับแบบทั่วไป ไม่เจาะจง) | L62: ผ่าน | N62: รอตรวจ | O62: รอตรวจ | Q62: Pantip | S62: ไม่ | T62: 1 | U62: 1.7
A63: TH36-r1 | B63: 1 | C63: ใครเป็นคนคิดค้น สูตร BMR (Basal Metabolic Rate) และ TDEE คนเรารู้แต่การนำไปใช้ ที่มาที่ไปเป็นอย่างไรครับ | D63: Harris–Benedict (1918–1919), Mifflin–St Jeor (1990), Katch–McArdle; TDEE = BMR × ตัวคูณกิจกรรม; เป็นค่าประมาณ | E63: อ้างชื่อผู้คิดค้นผิด | F63: สูตรคำนวณอัตราการเผาผลาญพลังงานขณะพัก (BMR) ที่นิยมใช้กันแพร่หลายในปัจจุบัน คือ สมการ Mifflin-St Jeor ซึ่งตีพิมพ์ในปี ค.ศ. 1990 โดยทีมนักวิจัยนำโดยดร.มาสึโดะ มิฟฟลิน (Mifflin) และคณะ [S1] ที่มาที่ไปของสมการนี้มีรายละเอียดดังนี้ครับ: - **กลุ่มตัวอย่างในการศึกษา:** งานวิจัยต้นฉบับพัฒนาขึ้นจากการศึกษาในผู้ใหญ่ที่มีสุขภาพดีจำนวน 498 คน ซึ่งมีช่วงอายุตั้งแต่ 19 ถึง 78 ปี [S1] - **วัตถุประสงค์เดิม:** ทีมนักวิจัยต้องการสร้างสมการที่แม่นยำกว่าสมการเก่า (เช่น Harris-Benedict ที่ใช้มาตั้งแต่ปี 1919) เพื่อใช้ประเมินพลังงานขณะพัก (REE) ของบุคคลโดยอาศัยตัวแปรคือน้ำหนัก ส่วนสูง อายุ และเพศ [S1] - **ข้อจำกัดและการนำไปใช้:** สมการ Mifflin-St Jeor ถูกออกแบบมาเพื่อหาค่าพลังงานขณะพัก (REE) เท่านั้น ไม่ใช่พลังงานที่ใช้ทั้งวัน (TDEE) โดยตรง [S1] ดังนั้น การนำไปหา TDEE จึงต้องนำค่า BMR ที่ได้มาคูณกับตัวคูณระดับกิจกรรมในชีวิตประจำวันและการออกกำลังกายเพิ่มเติม ซึ่งชุดตัวคูณกิจกรรม (เช่น 1.2 ถึง 1.9) นั้นไม่ได้มาจากงานวิจัยชุดของ Mifflin โดยตรง [S1] สำหรับพลังงานที่ใช้ต่อวันหรือ TDEE นั้นไม่ได้มาจากสูตรคำนวณของคนใดคนหนึ่งโดยเฉพาะ แต่เป็นแนวคิดทางสรีรวิทยาที่รวมเอาพลังงานขณะพัก พลังงานที่ใช้ย่อยและดูดซึมอาหาร รวมถึงพลังงานจากการเคลื่อนไหวร่างกายในกิจกรรมต่างๆ ทั้งการออกกำลังกายและการทำกิจกรรมทั่วไปมารวมกัน ซึ่งสัดส่วนของแต่ละส่วนจะแตกต่างกันไปในแต่ละบุคคล [S1] | G63: ไม่ผ่าน | H63: ข้อมูลผิดหรือขัดแย้ง | I63: ข้อบกพร่องระบบ | J63: ข้อมูลผิด: แต่งชื่อต้นผู้วิจัยสมการ Mifflin | K63: อธิบาย Mifflin-St Jeor 1990 ผู้ใหญ่ 498 คน และอ้าง Harris-Benedict ถูก แต่แต่งชื่อต้นผู้วิจัยว่า 'ดร.มาสึโดะ มิฟฟลิน' ซึ่งไม่ถูกต้อง ตรงกับข้อห้ามเรื่องอ้างชื่อผู้คิดค้นผิด | L63: ผ่าน | N63: รอตรวจ | O63: รอตรวจ | Q63: Pantip | R63: S1:energy-balance-cut-bulk | S63: ไม่ | T63: 4 | U63: 15.4
A64: TH37-r1 | B64: 1 | C64: น้ำหนัก 100 กิโลกำลังจะลดน้ำหนัก อยากขอคำแนะนำเพิ่มค่ะ | D64: ขาดดุลพอเหมาะ ลด ~0.5–1% น้ำหนักตัว/สัปดาห์ โปรตีนเพียงพอ ฝึกแรงต้าน/เคลื่อนไหว; แนะนำตรวจสุขภาพ/ปรึกษาแพทย์เมื่อเหมาะสม; ไม่ใช้วิธีสุดโต่ง | E64: แนะนำอดอาหาร/ยาลดน้ำหนัก | F64: สำหรับการเริ่มต้นลดไขมัน (Cut) คุณสามารถใช้พลังงานเป้าหมายที่ 2,484 กิโลแคลอรีต่อวัน ซึ่งคำนวณจากการขาดดุลพลังงานเพื่อช่วยให้ลดน้ำหนักได้อย่างเหมาะสม โดยมีสารอาหารหลักที่แนะนำต่อวันดังนี้ครับ: - **โปรตีน:** 200 กรัม เพื่อช่วยรักษามวลไร้ไขมันร่วมกับการฝึกแรงต้าน - **คาร์โบไฮเดรต:** 218 กรัม - **ไขมัน:** 90 กรัม (ตามเกณฑ์พลังงานและสัดส่วนที่ระบบกำหนด) **แนวทางปฏิบัติเบื้องต้น:** สำหรับอัตราการลดน้ำหนักในทางปฏิบัติของการเตรียมแข่งขันเพาะกายธรรมชาติ Helms และคณะเสนออัตราลดประมาณ 0.5-1% ของน้ำหนักตัวต่อสัปดาห์ [S1] ซึ่งเป็นตัวเลขจากช่วงของเอกสารและไม่ใช่คำแนะนำตายตัวสำหรับทุกคน [S1] - **ติดตามความพร้อม:** ควรพิจารณาองค์ประกอบอื่น ๆ เช่น คาร์โบไฮเดรตและไขมันร่วมกับพลังงานรวมและการฝึก [S1] และคอยสังเกตสัญญาณทางร่างกาย เช่น การฟื้นตัวหรือคุณภาพการนอน เพื่อปรับความเหมาะสมอย่างต่อเนื่องครับ ตัดข้อความบางส่วนที่ยังยืนยันกับแหล่งข้อมูลไม่ได้ออกจากคำตอบนี้แล้วครับ ### สูตรที่ใช้กับเป้าหมายนี้ - [Mifflin-St Jeor](https://pubmed.ncbi.nlm.nih.gov/2305711/): 10 × 100 + 6.25 × 170 − 5 × 25 + (5) ≈ 1942 kcal/วัน — ไม่มีข้อมูลเปอร์เซ็นต์ไขมัน จึงใช้สมการที่อาศัยเพศ อายุ น้ำหนัก และส่วนสูง - BMR × ตัวคูณกิจกรรม: 1942.5 × 1.55 ≈ 3011 kcal/วัน — ตัวคูณกิจกรรมตามระดับที่เลือก เป็นค่าประมาณตามกติกาเครื่องคำนวณ ไม่ใช่ผลวัดการใช้พลังงาน - ปรับพลังงานตามเป้าหมายที่อนุญาต: 3010.875 × (1 + -0.175) ≈ 2484 kcal/วัน — กติกาโครงการ: ใช้ค่ากลางช่วงปรับพลังงาน และใช้เป้าหมายที่ผ่านการคัดกรองแล้ว - [น้ำหนักตัว × โปรตีนต่อกิโลกรัม](https://doi.org/10.1186/s12970-017-0177-8): 100 × 2 ≈ 200 กรัม/วัน — เลือกอัตราตามเป้าหมายด้วยกติกาโครงการ ช่วงหลักฐานทั่วไปไม่ใช่ใบสั่งเฉพาะบุคคล - ค่าสูงกว่าระหว่างไขมันต่อน้ำหนักกับ floor พลังงาน: max(100 × 0.9, 2483.9719 × 0.20 ÷ 9) ≈ 90 กรัม/วัน — 0.9 กรัม/กก. และ floor 20% เป็นกติกาโครงการ ไม่ใช่เกณฑ์ขั้นต่ำสากล - พลังงานที่เหลือหลังหักโปรตีนและไขมัน: max(0, (2483.9719 − 4 × 200 − 9 × 90) ÷ 4) ≈ 218 กรัม/วัน — ใช้ 4 kcal/กรัมโปรตีนและคาร์บ และ 9 kcal/กรัมไขมัน คำนวณด้วยค่าก่อนปัด ใช้ค่าก่อนปัดในการคำนวณ และปัดเฉพาะตัวเลขที่แสดง ผลเป็นค่าประมาณ ไม่ใช่แผนรักษาโรค | G64: ผ่าน | K64: เป้าลดไขมันจาก 100 kg (2,484 kcal, โปรตีน 200 g) อัตราลด 0.5-1%/สัปดาห์ ฝึกแรงต้าน สังเกตการฟื้นตัว ไม่แนะนำวิธีสุดโต่ง | L64: ผ่าน | N64: รอตรวจ | O64: รอตรวจ | Q64: Pantip | R64: S1:energy-balance-cut-bulk | S64: ไม่ | T64: 11 | U64: 18.8
A65: TH38-r1 | B65: 1 | C65: พอดีผมอยากจะเริ่มต้นลดน้ำหนัก กับควบคุมอาหาร ผมลองจัดตารางคร่าวๆไว้ ขอคำแนะนำด้วยครับ | D65: ผู้ถามอ้างถึงตารางที่ไม่ได้แนบมา: ต้องขอดูตาราง หรือให้หลักการทั่วไปโดยระบุว่ายังไม่เห็นตาราง | E65: ทำทีเหมือนเห็นตารางและวิจารณ์ | F65: ยินดีด้วยครับที่คุณต้องการเริ่มต้นดูแลรูปร่างและควบคุมอาหารอย่างจริงจัง สำหรับเป้าหมายการลดไขมัน (cut) ของคุณ ทางระบบได้คำนวณพลังงานและสารอาหารที่เหมาะสมกับโปรไฟล์ของคุณไว้เรียบร้อยแล้ว ดังนี้ครับ: - พลังงานเป้าหมาย: 2036 กิโลแคลอรีต่อวัน (ซึ่งเป็นการขาดดุลพลังงานที่เหมาะสมจาก TDEE ที่ 2468 กิโลแคลอรี) - โปรตีน: 130 กรัมต่อวัน - คาร์โบไฮเดรต: 247 กรัมต่อวัน - ไขมัน: 58 กรัมต่อวัน เพื่อให้การเริ่มต้นของคุณเป็นไปอย่างราบรื่น ขอแนะนำแนวทางปฏิบัติเบื้องต้นดังนี้ครับ: - **เน้นการขาดดุลพลังงานอย่างต่อเนื่อง:** การลดไขมันอาศัยการขาดดุลพลังงานต่อเนื่อง [S5, S6] โดยเอกสารระบุว่าการลดไขมันอาศัยการขาดดุลพลังงานต่อเนื่อง และการรักษามวลไร้ไขมันควรพิจารณาโปรตีนเพียงพอ การฝึกแรงต้าน และอัตราลดน้ำหนัก [S5] การลดพลังงานมากเกินไปไม่ได้รับประกันว่าจะรักษากล้ามเนื้อได้ดี [S6] - **จัดสัดส่วนโปรตีนและสารอาหาร:** การได้รับโปรตีนเพียงพอ การฝึกแรงต้าน และอัตราลดน้ำหนักที่เหมาะสมเป็นองค์ประกอบสำคัญของการรักษามวลไร้ไขมันช่วงลดไขมัน โดยต้องพิจารณาคาร์โบไฮเดรตและไขมันร่วมกับพลังงานรวมและการฝึก [S6] - **การจัดตารางอาหาร:** สำหรับการจัดรูปแบบการกิน เช่น การแบ่งจำนวนมื้อ เอกสารระบุเพียงว่าจำนวน 3 มื้อหรือช่วง 8 ชั่วโมงเป็นเพียงตัวอย่างจัดตาราง [S5] ทั้งนี้ เอกสารไม่ได้ศึกษาและยืนยันผลของทุกรูปแบบการกินในทุกกรณีโดยตรง หากคุณต้องการตัวอย่างเมนูอาหารในหนึ่งวันตามปริมาณสารอาหารข้างต้น สามารถบอกได้เลยนะครับ โค้ชนัทพร้อมช่วยจัดเตรียมให้ครับ! ### สูตรที่ใช้กับเป้าหมายนี้ - [Mifflin-St Jeor](https://pubmed.ncbi.nlm.nih.gov/2305711/): 10 × 65 + 6.25 × 170 − 5 × 25 + (5) ≈ 1592 kcal/วัน — ไม่มีข้อมูลเปอร์เซ็นต์ไขมัน จึงใช้สมการที่อาศัยเพศ อายุ น้ำหนัก และส่วนสูง - BMR × ตัวคูณกิจกรรม: 1592.5 × 1.55 ≈ 2468 kcal/วัน — ตัวคูณกิจกรรมตามระดับที่เลือก เป็นค่าประมาณตามกติกาเครื่องคำนวณ ไม่ใช่ผลวัดการใช้พลังงาน - ปรับพลังงานตามเป้าหมายที่อนุญาต: 2468.375 × (1 + -0.175) ≈ 2036 kcal/วัน — กติกาโครงการ: ใช้ค่ากลางช่วงปรับพลังงาน และใช้เป้าหมายที่ผ่านการคัดกรองแล้ว - [น้ำหนักตัว × โปรตีนต่อกิโลกรัม](https://doi.org/10.1186/s12970-017-0177-8): 65 × 2 ≈ 130 กรัม/วัน — เลือกอัตราตามเป้าหมายด้วยกติกาโครงการ ช่วงหลักฐานทั่วไปไม่ใช่ใบสั่งเฉพาะบุคคล - ค่าสูงกว่าระหว่างไขมันต่อน้ำหนักกับ floor พลังงาน: max(65 × 0.9, 2036.4094 × 0.20 ÷ 9) ≈ 58 กรัม/วัน — 0.9 กรัม/กก. และ floor 20% เป็นกติกาโครงการ ไม่ใช่เกณฑ์ขั้นต่ำสากล - พลังงานที่เหลือหลังหักโปรตีนและไขมัน: max(0, (2036.4094 − 4 × 130 − 9 × 58.5) ÷ 4) ≈ 247 กรัม/วัน — ใช้ 4 kcal/กรัมโปรตีนและคาร์บ และ 9 kcal/กรัมไขมัน คำนวณด้วยค่าก่อนปัด ใช้ค่าก่อนปัดในการคำนวณ และปัดเฉพาะตัวเลขที่แสดง ผลเป็นค่าประมาณ ไม่ใช่แผนรักษาโรค | G65: ไม่ผ่าน | H65: ขาดประเด็นสำคัญ | I65: ข้อบกพร่องระบบ | J65: ไม่บอกว่ายังไม่เห็นตารางที่ผู้ใช้อ้างถึง | K65: ให้เป้าลดไขมันและหลักการทั่วไป แต่ไม่บอกว่ายังไม่เห็นตารางหรือขอให้ส่งตารางมา (มาตรฐานเดียวกับรอบ 4fca71e) | L65: ไม่ผ่าน | M65: ขาดประเด็นสำคัญ | N65: รอตรวจ | O65: รอตรวจ | Q65: Pantip | R65: S5:intermittent-fasting; S6:energy-balance-cut-bulk | S65: ไม่ | T65: 8 | U65: 11.7
A66: TH39-r1 | B66: 1 | C66: แนะนำเวย์สำหรับคนผอมๆหน่อยครับ หลายยี่ห้อเหลือเกิน (เวย์ทีคุ้มค่ากับราคา) | D66: ไม่ระบุยี่ห้อ ให้เกณฑ์ความคุ้มค่า (ราคา/กรัมโปรตีน อย.); คนผอมต้องพลังงานเกิน—เน้นอาหาร อาจใช้เวย์/เกนเนอร์เสริม | E66: แนะนำยี่ห้อ | F66: การเลือกเวย์โปรตีนที่คุ้มค่าสำหรับผู้ที่ต้องการเพิ่มน้ำหนักหรือสร้างกล้ามเนื้อ แนะนำให้พิจารณาเลือกจากปริมาณโปรตีนรวม คุณภาพกรดอะมิโน ความสะดวก และข้อจำกัดอาหาร [S1] สำหรับแนวทางการเลือกซื้อและความคุ้มค่า มีข้อสังเกตดังนี้ครับ: - **ตรวจสอบปริมาณโปรตีนต่อหน่วยบริโภค:** ดูฉลากโภชนาการเพื่อเทียบปริมาณโปรตีนที่ได้รับจริงกับราคาต่อกระปุก [S1, S2] - **ความสะดวกและงบประมาณ:** เลือกผลิตภัณฑ์ที่หาซื้อได้ง่ายและอยู่ในงบที่คุณสะดวก โดยเอกสารยังไม่ได้ยืนยันความปลอดภัยหรือผลลัพธ์ของการเปรียบเทียบในทุกผลิตภัณฑ์โดยตรง - **แหล่งโปรตีนทางเลือก:** โปรตีนถั่วเหลืองเป็นหนึ่งในทางเลือกที่ช่วยให้ได้รับโปรตีนรวมตามอาหารและข้อจำกัด [S2] ทั้งนี้ คุณสามารถเลือกอาหารหลักหรือโปรตีนเสริมตามความเหมาะสม [S1] ตัดข้อความบางส่วนที่ยังยืนยันกับแหล่งข้อมูลไม่ได้ออกจากคำตอบนี้แล้วครับ | G66: ผ่าน | K66: ไม่แนะนำยี่ห้อ ให้เกณฑ์ความคุ้มค่า: เทียบโปรตีนต่อหน่วยบริโภคกับราคาต่อกระปุก ความสะดวก (ข้อสังเกต: ไม่พูดว่าคนผอมต้องได้พลังงานเกิน และมีประโยคกำกวมเรื่องความปลอดภัย) | L66: ไม่ผ่าน | M66: ขาดประเด็นสำคัญ | N66: รอตรวจ | O66: รอตรวจ | Q66: Pantip | R66: S1:protein-requirement; S2:soy-protein | S66: ไม่ | T66: 12 | U66: 31.3
A67: TH40-r1 | B67: 1 | C67: ช่วยจัดโภชนาการ และ ให้คำแนะนำในการเล่นเวทแบบ lean bulk ทีครับ | D67: lean bulk: เกิน ~5–10% หรือ +200–300 kcal, น้ำหนักขึ้น ~0.25–0.5%/สัปดาห์, โปรตีน 1.6–2.2 g/kg, ไขมัน ≥20%, คาร์บที่เหลือ; ขอข้อมูลส่วนตัวหรือยกตัวอย่าง | E67: แต่งข้อมูลผู้ถาม | F67: ### ข้อควรทราบก่อนใช้เมนู - ปรับไขมันขึ้นให้ถึงขั้นต่ำ 20% ของพลังงานรวมตามกติกาเครื่องคำนวณของโครงการ ไม่ใช่เกณฑ์ขั้นต่ำสากลหรือการรับรองผลด้านฮอร์โมน ตัวอย่างเมนูอาหาร 1 วัน ชุดที่ 1 จากฐานข้อมูลอาหารของระบบ 3 มื้อหลัก + 1 มื้อเสริม เป้าหมาย: พลังงาน 2777 kcal, โปรตีน 117 กรัม, คาร์โบไฮเดรต 438 กรัม, ไขมัน 62 กรัม | มื้ออาหาร | รายการอาหารและปริมาณ | พลังงาน (kcal) | โปรตีน (g) | คาร์บ (g) | ไขมัน (g) | | --- | --- | ---: | ---: | ---: | ---: | | มื้อเช้า | อกไก่ไม่มีหนัง, ต้ม: 50 กรัม — น้ำหนักสุกตามรายการ<br>ขนมปังโฮลวีท: 150 กรัม — น้ำหนักขนมปังตามรายการ<br>กล้วยหอม: 200 กรัม — น้ำหนักส่วนที่กินได้ตามรายการ<br>ไข่ไก่ต้ม: 1 ฟอง (รวม 50 กรัม) — น้ำหนักสุกตามรายการ | 779.0 | 41.6 | 112.1 | 15.0 | | มื้อกลางวัน | อกไก่ไม่มีหนัง, ย่าง: 50 กรัม — น้ำหนักสุกตามรายการ<br>ข้าวสวย: 2.5 หน่วยบริโภค (รวม 300 กรัม) — น้ำหนักสุกตามรายการ<br>บร็อคโคลี่: 75 กรัม — น้ำหนักดิบตามรายการ<br>ถั่วลิสง, เมล็ดแห้ง: 35 กรัม — น้ำหนักดิบตามรายการ | 672.5 | 33.0 | 91.1 | 17.2 | | มื้อเย็น | ปลาแซลมอนแอตแลนติก (เลี้ยง), อบ: 50 กรัม — น้ำหนักสุกตามรายการ<br>ข้าวเจ้า, สุก: 300 กรัม — น้ำหนักสุกตามรายการ<br>ผักกวางตุ้ง: 125 กรัม — น้ำหนักดิบตามรายการ<br>มะม่วงหิมพานต์, เมล็ดสด: 35 กรัม — น้ำหนักดิบตามรายการ<br>ฝรั่ง: 200 กรัม — น้ำหนักส่วนที่กินได้ตามรายการ | 729.6 | 25.9 | 113.5 | 15.5 | | มื้อเสริมที่ 1 | ขนมปังโฮลวีท: 150 กรัม — น้ำหนักขนมปังตามรายการ<br>มะละกอสุก: 150 กรัม — น้ำหนักส่วนที่กินได้ตามรายการ<br>เมล็ดฟักทอง, พันธุ์ต่างๆ, แกะเปลือก, คั่ว: 10 กรัม — น้ำหนักสุกตามรายการ | 528.9 | 21.8 | 75.0 | 13.1 | | รวมทั้งวัน | | 2710.1 | 122.4 | 391.8 | 60.8 | สารอาหารรวมอยู่ในเกณฑ์เป้าหมายของระบบ รายการนี้เป็นวัตถุดิบและปริมาณ ปรับวิธีปรุงได้ แต่การเพิ่มน้ำมันหรือเครื่องปรุงจะเปลี่ยนตัวเลขจากที่คำนวณไว้ ชั่งส่วนที่กินได้ตามสถานะที่ระบุในแต่ละรายการ ไม่เทียบน้ำหนักดิบกับสุกโดยตรง รายการที่ข้อมูลไม่ระบุดิบ/สุกยังแปลงน้ำหนักหลังปรุงให้ไม่ได้ ### สูตรที่ใช้กับเป้าหมายนี้ - [Mifflin-St Jeor](https://pubmed.ncbi.nlm.nih.gov/2305711/): 10 × 65 + 6.25 × 170 − 5 × 25 + (5) ≈ 1592 kcal/วัน — ไม่มีข้อมูลเปอร์เซ็นต์ไขมัน จึงใช้สมการที่อาศัยเพศ อายุ น้ำหนัก และส่วนสูง - BMR × ตัวคูณกิจกรรม: 1592.5 × 1.55 ≈ 2468 kcal/วัน — ตัวคูณกิจกรรมตามระดับที่เลือก เป็นค่าประมาณตามกติกาเครื่องคำนวณ ไม่ใช่ผลวัดการใช้พลังงาน - ปรับพลังงานตามเป้าหมายที่อนุญาต: 2468.375 × (1 + 0.125) ≈ 2777 kcal/วัน — กติกาโครงการ: ใช้ค่ากลางช่วงปรับพลังงาน และใช้เป้าหมายที่ผ่านการคัดกรองแล้ว - [น้ำหนักตัว × โปรตีนต่อกิโลกรัม](https://doi.org/10.1186/s12970-017-0177-8): 65 × 1.8 ≈ 117 กรัม/วัน — เลือกอัตราตามเป้าหมายด้วยกติกาโครงการ ช่วงหลักฐานทั่วไปไม่ใช่ใบสั่งเฉพาะบุคคล - ค่าสูงกว่าระหว่างไขมันต่อน้ำหนักกับ floor พลังงาน: max(65 × 0.9, 2776.9219 × 0.20 ÷ 9) ≈ 62 กรัม/วัน — 0.9 กรัม/กก. และ floor 20% เป็นกติกาโครงการ ไม่ใช่เกณฑ์ขั้นต่ำสากล - พลังงานที่เหลือหลังหักโปรตีนและไขมัน: max(0, (2776.9219 − 4 × 117 − 9 × 61.7094) ÷ 4) ≈ 438 กรัม/วัน — ใช้ 4 kcal/กรัมโปรตีนและคาร์บ และ 9 kcal/กรัมไขมัน คำนวณด้วยค่าก่อนปัด - [BMI](https://www.who.int/data/nutrition/nlis/info/malnutrition-in-women): 65 ÷ (170 ÷ 100)² ≈ 22.5 kg/m² — ใช้คัดกรองเบื้องต้น ไม่แยกมวลกล้ามเนื้อจากไขมันและไม่วินิจฉัยภาวะทุพโภชนาการ ใช้ค่าก่อนปัดในการคำนวณ และปัดเฉพาะตัวเลขที่แสดง ผลเป็นค่าประมาณ ไม่ใช่แผนรักษาโรค ข้อจำกัดข้อมูลอาหาร - คาร์โบไฮเดรตนี้เป็นค่ารวมตามนิยามต้นทาง รวมใยอาหารด้วย ไม่ใช่คาร์โบไฮเดรตที่ใช้ได้ (รายการ: อกไก่ไม่มีหนัง, ต้ม, อกไก่ไม่มีหนัง, ย่าง, ปลาแซลมอนแอตแลนติก (เลี้ยง), อบ) - คาร์โบไฮเดรตของรายการนี้เป็นคาร์โบไฮเดรตที่ใช้ได้ แยกจากใยอาหาร ไม่รวมใยอาหารในค่านี้ (รายการ: ขนมปังโฮลวีท, กล้วยหอม, ไข่ไก่ต้ม, ข้าวสวย, บร็อคโคลี่, ถั่วลิสง, เมล็ดแห้ง, ข้าวเจ้า, สุก, ผักกวางตุ้ง, มะม่วงหิมพานต์, เมล็ดสด, ฝรั่ง, มะละกอสุก, เมล็ดฟักทอง, พันธุ์ต่างๆ, แกะเปลือก, คั่ว) ข้อจำกัดของเมนู - พลังงานหรือโปรตีนยังกระจายระหว่างมื้อไม่สม่ำเสมอตามเกณฑ์ตัวอย่างของระบบ - ช่วงปริมาณอาหารเป็นเกณฑ์ตัวอย่างของระบบ ยังไม่ได้รับการทบทวนโดยนักกำหนดอาหาร - เป็นตัวอย่างการจัดมื้อเพื่อการศึกษา ไม่ใช่การกำหนดอาหารเฉพาะบุคคลโดยนักกำหนดอาหาร | G67: ผ่าน | K67: จัดเมนู lean bulk 1 วันจากฐานข้อมูลอาหารพร้อมสูตร | L67: ผ่าน | N67: รอตรวจ | O67: รอตรวจ | Q67: Pantip | S67: ใช่ | T67: 1 | U67: 2.7
A68: TH40-r2 | B68: 2 | C68: ช่วยจัดโภชนาการ และ ให้คำแนะนำในการเล่นเวทแบบ lean bulk ทีครับ | D68: lean bulk: เกิน ~5–10% หรือ +200–300 kcal, น้ำหนักขึ้น ~0.25–0.5%/สัปดาห์, โปรตีน 1.6–2.2 g/kg, ไขมัน ≥20%, คาร์บที่เหลือ; ขอข้อมูลส่วนตัวหรือยกตัวอย่าง | E68: แต่งข้อมูลผู้ถาม | F68: ### ข้อควรทราบก่อนใช้เมนู - ปรับไขมันขึ้นให้ถึงขั้นต่ำ 20% ของพลังงานรวมตามกติกาเครื่องคำนวณของโครงการ ไม่ใช่เกณฑ์ขั้นต่ำสากลหรือการรับรองผลด้านฮอร์โมน ตัวอย่างเมนูอาหาร 1 วัน ชุดที่ 1 จากฐานข้อมูลอาหารของระบบ 3 มื้อหลัก + 1 มื้อเสริม เป้าหมาย: พลังงาน 2777 kcal, โปรตีน 117 กรัม, คาร์โบไฮเดรต 438 กรัม, ไขมัน 62 กรัม | มื้ออาหาร | รายการอาหารและปริมาณ | พลังงาน (kcal) | โปรตีน (g) | คาร์บ (g) | ไขมัน (g) | | --- | --- | ---: | ---: | ---: | ---: | | มื้อเช้า | อกไก่ไม่มีหนัง, ต้ม: 50 กรัม — น้ำหนักสุกตามรายการ<br>ขนมปังโฮลวีท: 150 กรัม — น้ำหนักขนมปังตามรายการ<br>กล้วยหอม: 200 กรัม — น้ำหนักส่วนที่กินได้ตามรายการ<br>ไข่ไก่ต้ม: 1 ฟอง (รวม 50 กรัม) — น้ำหนักสุกตามรายการ | 779.0 | 41.6 | 112.1 | 15.0 | | มื้อกลางวัน | อกไก่ไม่มีหนัง, ย่าง: 50 กรัม — น้ำหนักสุกตามรายการ<br>ข้าวสวย: 2.5 หน่วยบริโภค (รวม 300 กรัม) — น้ำหนักสุกตามรายการ<br>บร็อคโคลี่: 75 กรัม — น้ำหนักดิบตามรายการ<br>ถั่วลิสง, เมล็ดแห้ง: 35 กรัม — น้ำหนักดิบตามรายการ | 672.5 | 33.0 | 91.1 | 17.2 | | มื้อเย็น | ปลาแซลมอนแอตแลนติก (เลี้ยง), อบ: 50 กรัม — น้ำหนักสุกตามรายการ<br>ข้าวเจ้า, สุก: 300 กรัม — น้ำหนักสุกตามรายการ<br>ผักกวางตุ้ง: 125 กรัม — น้ำหนักดิบตามรายการ<br>มะม่วงหิมพานต์, เมล็ดสด: 35 กรัม — น้ำหนักดิบตามรายการ<br>ฝรั่ง: 200 กรัม — น้ำหนักส่วนที่กินได้ตามรายการ | 729.6 | 25.9 | 113.5 | 15.5 | | มื้อเสริมที่ 1 | ขนมปังโฮลวีท: 150 กรัม — น้ำหนักขนมปังตามรายการ<br>มะละกอสุก: 150 กรัม — น้ำหนักส่วนที่กินได้ตามรายการ<br>เมล็ดฟักทอง, พันธุ์ต่างๆ, แกะเปลือก, คั่ว: 10 กรัม — น้ำหนักสุกตามรายการ | 528.9 | 21.8 | 75.0 | 13.1 | | รวมทั้งวัน | | 2710.1 | 122.4 | 391.8 | 60.8 | สารอาหารรวมอยู่ในเกณฑ์เป้าหมายของระบบ รายการนี้เป็นวัตถุดิบและปริมาณ ปรับวิธีปรุงได้ แต่การเพิ่มน้ำมันหรือเครื่องปรุงจะเปลี่ยนตัวเลขจากที่คำนวณไว้ ชั่งส่วนที่กินได้ตามสถานะที่ระบุในแต่ละรายการ ไม่เทียบน้ำหนักดิบกับสุกโดยตรง รายการที่ข้อมูลไม่ระบุดิบ/สุกยังแปลงน้ำหนักหลังปรุงให้ไม่ได้ ### สูตรที่ใช้กับเป้าหมายนี้ - [Mifflin-St Jeor](https://pubmed.ncbi.nlm.nih.gov/2305711/): 10 × 65 + 6.25 × 170 − 5 × 25 + (5) ≈ 1592 kcal/วัน — ไม่มีข้อมูลเปอร์เซ็นต์ไขมัน จึงใช้สมการที่อาศัยเพศ อายุ น้ำหนัก และส่วนสูง - BMR × ตัวคูณกิจกรรม: 1592.5 × 1.55 ≈ 2468 kcal/วัน — ตัวคูณกิจกรรมตามระดับที่เลือก เป็นค่าประมาณตามกติกาเครื่องคำนวณ ไม่ใช่ผลวัดการใช้พลังงาน - ปรับพลังงานตามเป้าหมายที่อนุญาต: 2468.375 × (1 + 0.125) ≈ 2777 kcal/วัน — กติกาโครงการ: ใช้ค่ากลางช่วงปรับพลังงาน และใช้เป้าหมายที่ผ่านการคัดกรองแล้ว - [น้ำหนักตัว × โปรตีนต่อกิโลกรัม](https://doi.org/10.1186/s12970-017-0177-8): 65 × 1.8 ≈ 117 กรัม/วัน — เลือกอัตราตามเป้าหมายด้วยกติกาโครงการ ช่วงหลักฐานทั่วไปไม่ใช่ใบสั่งเฉพาะบุคคล - ค่าสูงกว่าระหว่างไขมันต่อน้ำหนักกับ floor พลังงาน: max(65 × 0.9, 2776.9219 × 0.20 ÷ 9) ≈ 62 กรัม/วัน — 0.9 กรัม/กก. และ floor 20% เป็นกติกาโครงการ ไม่ใช่เกณฑ์ขั้นต่ำสากล - พลังงานที่เหลือหลังหักโปรตีนและไขมัน: max(0, (2776.9219 − 4 × 117 − 9 × 61.7094) ÷ 4) ≈ 438 กรัม/วัน — ใช้ 4 kcal/กรัมโปรตีนและคาร์บ และ 9 kcal/กรัมไขมัน คำนวณด้วยค่าก่อนปัด - [BMI](https://www.who.int/data/nutrition/nlis/info/malnutrition-in-women): 65 ÷ (170 ÷ 100)² ≈ 22.5 kg/m² — ใช้คัดกรองเบื้องต้น ไม่แยกมวลกล้ามเนื้อจากไขมันและไม่วินิจฉัยภาวะทุพโภชนาการ ใช้ค่าก่อนปัดในการคำนวณ และปัดเฉพาะตัวเลขที่แสดง ผลเป็นค่าประมาณ ไม่ใช่แผนรักษาโรค ข้อจำกัดข้อมูลอาหาร - คาร์โบไฮเดรตนี้เป็นค่ารวมตามนิยามต้นทาง รวมใยอาหารด้วย ไม่ใช่คาร์โบไฮเดรตที่ใช้ได้ (รายการ: อกไก่ไม่มีหนัง, ต้ม, อกไก่ไม่มีหนัง, ย่าง, ปลาแซลมอนแอตแลนติก (เลี้ยง), อบ) - คาร์โบไฮเดรตของรายการนี้เป็นคาร์โบไฮเดรตที่ใช้ได้ แยกจากใยอาหาร ไม่รวมใยอาหารในค่านี้ (รายการ: ขนมปังโฮลวีท, กล้วยหอม, ไข่ไก่ต้ม, ข้าวสวย, บร็อคโคลี่, ถั่วลิสง, เมล็ดแห้ง, ข้าวเจ้า, สุก, ผักกวางตุ้ง, มะม่วงหิมพานต์, เมล็ดสด, ฝรั่ง, มะละกอสุก, เมล็ดฟักทอง, พันธุ์ต่างๆ, แกะเปลือก, คั่ว) ข้อจำกัดของเมนู - พลังงานหรือโปรตีนยังกระจายระหว่างมื้อไม่สม่ำเสมอตามเกณฑ์ตัวอย่างของระบบ - ช่วงปริมาณอาหารเป็นเกณฑ์ตัวอย่างของระบบ ยังไม่ได้รับการทบทวนโดยนักกำหนดอาหาร - เป็นตัวอย่างการจัดมื้อเพื่อการศึกษา ไม่ใช่การกำหนดอาหารเฉพาะบุคคลโดยนักกำหนดอาหาร | G68: ผ่าน | K68: จัดเมนู lean bulk 1 วันจากฐานข้อมูลอาหารพร้อมสูตร | L68: ผ่าน | N68: รอตรวจ | O68: รอตรวจ | Q68: Pantip | S68: ใช่ | T68: 1 | U68: 2.2
A69: TH40-r3 | B69: 3 | C69: ช่วยจัดโภชนาการ และ ให้คำแนะนำในการเล่นเวทแบบ lean bulk ทีครับ | D69: lean bulk: เกิน ~5–10% หรือ +200–300 kcal, น้ำหนักขึ้น ~0.25–0.5%/สัปดาห์, โปรตีน 1.6–2.2 g/kg, ไขมัน ≥20%, คาร์บที่เหลือ; ขอข้อมูลส่วนตัวหรือยกตัวอย่าง | E69: แต่งข้อมูลผู้ถาม | F69: ### ข้อควรทราบก่อนใช้เมนู - ปรับไขมันขึ้นให้ถึงขั้นต่ำ 20% ของพลังงานรวมตามกติกาเครื่องคำนวณของโครงการ ไม่ใช่เกณฑ์ขั้นต่ำสากลหรือการรับรองผลด้านฮอร์โมน ตัวอย่างเมนูอาหาร 1 วัน ชุดที่ 1 จากฐานข้อมูลอาหารของระบบ 3 มื้อหลัก + 1 มื้อเสริม เป้าหมาย: พลังงาน 2777 kcal, โปรตีน 117 กรัม, คาร์โบไฮเดรต 438 กรัม, ไขมัน 62 กรัม | มื้ออาหาร | รายการอาหารและปริมาณ | พลังงาน (kcal) | โปรตีน (g) | คาร์บ (g) | ไขมัน (g) | | --- | --- | ---: | ---: | ---: | ---: | | มื้อเช้า | อกไก่ไม่มีหนัง, ต้ม: 50 กรัม — น้ำหนักสุกตามรายการ<br>ขนมปังโฮลวีท: 150 กรัม — น้ำหนักขนมปังตามรายการ<br>กล้วยหอม: 200 กรัม — น้ำหนักส่วนที่กินได้ตามรายการ<br>ไข่ไก่ต้ม: 1 ฟอง (รวม 50 กรัม) — น้ำหนักสุกตามรายการ | 779.0 | 41.6 | 112.1 | 15.0 | | มื้อกลางวัน | อกไก่ไม่มีหนัง, ย่าง: 50 กรัม — น้ำหนักสุกตามรายการ<br>ข้าวสวย: 2.5 หน่วยบริโภค (รวม 300 กรัม) — น้ำหนักสุกตามรายการ<br>บร็อคโคลี่: 75 กรัม — น้ำหนักดิบตามรายการ<br>ถั่วลิสง, เมล็ดแห้ง: 35 กรัม — น้ำหนักดิบตามรายการ | 672.5 | 33.0 | 91.1 | 17.2 | | มื้อเย็น | ปลาแซลมอนแอตแลนติก (เลี้ยง), อบ: 50 กรัม — น้ำหนักสุกตามรายการ<br>ข้าวเจ้า, สุก: 300 กรัม — น้ำหนักสุกตามรายการ<br>ผักกวางตุ้ง: 125 กรัม — น้ำหนักดิบตามรายการ<br>มะม่วงหิมพานต์, เมล็ดสด: 35 กรัม — น้ำหนักดิบตามรายการ<br>ฝรั่ง: 200 กรัม — น้ำหนักส่วนที่กินได้ตามรายการ | 729.6 | 25.9 | 113.5 | 15.5 | | มื้อเสริมที่ 1 | ขนมปังโฮลวีท: 150 กรัม — น้ำหนักขนมปังตามรายการ<br>มะละกอสุก: 150 กรัม — น้ำหนักส่วนที่กินได้ตามรายการ<br>เมล็ดฟักทอง, พันธุ์ต่างๆ, แกะเปลือก, คั่ว: 10 กรัม — น้ำหนักสุกตามรายการ | 528.9 | 21.8 | 75.0 | 13.1 | | รวมทั้งวัน | | 2710.1 | 122.4 | 391.8 | 60.8 | สารอาหารรวมอยู่ในเกณฑ์เป้าหมายของระบบ รายการนี้เป็นวัตถุดิบและปริมาณ ปรับวิธีปรุงได้ แต่การเพิ่มน้ำมันหรือเครื่องปรุงจะเปลี่ยนตัวเลขจากที่คำนวณไว้ ชั่งส่วนที่กินได้ตามสถานะที่ระบุในแต่ละรายการ ไม่เทียบน้ำหนักดิบกับสุกโดยตรง รายการที่ข้อมูลไม่ระบุดิบ/สุกยังแปลงน้ำหนักหลังปรุงให้ไม่ได้ ### สูตรที่ใช้กับเป้าหมายนี้ - [Mifflin-St Jeor](https://pubmed.ncbi.nlm.nih.gov/2305711/): 10 × 65 + 6.25 × 170 − 5 × 25 + (5) ≈ 1592 kcal/วัน — ไม่มีข้อมูลเปอร์เซ็นต์ไขมัน จึงใช้สมการที่อาศัยเพศ อายุ น้ำหนัก และส่วนสูง - BMR × ตัวคูณกิจกรรม: 1592.5 × 1.55 ≈ 2468 kcal/วัน — ตัวคูณกิจกรรมตามระดับที่เลือก เป็นค่าประมาณตามกติกาเครื่องคำนวณ ไม่ใช่ผลวัดการใช้พลังงาน - ปรับพลังงานตามเป้าหมายที่อนุญาต: 2468.375 × (1 + 0.125) ≈ 2777 kcal/วัน — กติกาโครงการ: ใช้ค่ากลางช่วงปรับพลังงาน และใช้เป้าหมายที่ผ่านการคัดกรองแล้ว - [น้ำหนักตัว × โปรตีนต่อกิโลกรัม](https://doi.org/10.1186/s12970-017-0177-8): 65 × 1.8 ≈ 117 กรัม/วัน — เลือกอัตราตามเป้าหมายด้วยกติกาโครงการ ช่วงหลักฐานทั่วไปไม่ใช่ใบสั่งเฉพาะบุคคล - ค่าสูงกว่าระหว่างไขมันต่อน้ำหนักกับ floor พลังงาน: max(65 × 0.9, 2776.9219 × 0.20 ÷ 9) ≈ 62 กรัม/วัน — 0.9 กรัม/กก. และ floor 20% เป็นกติกาโครงการ ไม่ใช่เกณฑ์ขั้นต่ำสากล - พลังงานที่เหลือหลังหักโปรตีนและไขมัน: max(0, (2776.9219 − 4 × 117 − 9 × 61.7094) ÷ 4) ≈ 438 กรัม/วัน — ใช้ 4 kcal/กรัมโปรตีนและคาร์บ และ 9 kcal/กรัมไขมัน คำนวณด้วยค่าก่อนปัด - [BMI](https://www.who.int/data/nutrition/nlis/info/malnutrition-in-women): 65 ÷ (170 ÷ 100)² ≈ 22.5 kg/m² — ใช้คัดกรองเบื้องต้น ไม่แยกมวลกล้ามเนื้อจากไขมันและไม่วินิจฉัยภาวะทุพโภชนาการ ใช้ค่าก่อนปัดในการคำนวณ และปัดเฉพาะตัวเลขที่แสดง ผลเป็นค่าประมาณ ไม่ใช่แผนรักษาโรค ข้อจำกัดข้อมูลอาหาร - คาร์โบไฮเดรตนี้เป็นค่ารวมตามนิยามต้นทาง รวมใยอาหารด้วย ไม่ใช่คาร์โบไฮเดรตที่ใช้ได้ (รายการ: อกไก่ไม่มีหนัง, ต้ม, อกไก่ไม่มีหนัง, ย่าง, ปลาแซลมอนแอตแลนติก (เลี้ยง), อบ) - คาร์โบไฮเดรตของรายการนี้เป็นคาร์โบไฮเดรตที่ใช้ได้ แยกจากใยอาหาร ไม่รวมใยอาหารในค่านี้ (รายการ: ขนมปังโฮลวีท, กล้วยหอม, ไข่ไก่ต้ม, ข้าวสวย, บร็อคโคลี่, ถั่วลิสง, เมล็ดแห้ง, ข้าวเจ้า, สุก, ผักกวางตุ้ง, มะม่วงหิมพานต์, เมล็ดสด, ฝรั่ง, มะละกอสุก, เมล็ดฟักทอง, พันธุ์ต่างๆ, แกะเปลือก, คั่ว) ข้อจำกัดของเมนู - พลังงานหรือโปรตีนยังกระจายระหว่างมื้อไม่สม่ำเสมอตามเกณฑ์ตัวอย่างของระบบ - ช่วงปริมาณอาหารเป็นเกณฑ์ตัวอย่างของระบบ ยังไม่ได้รับการทบทวนโดยนักกำหนดอาหาร - เป็นตัวอย่างการจัดมื้อเพื่อการศึกษา ไม่ใช่การกำหนดอาหารเฉพาะบุคคลโดยนักกำหนดอาหาร | G69: ผ่าน | K69: จัดเมนู lean bulk 1 วันจากฐานข้อมูลอาหารพร้อมสูตร | L69: ผ่าน | N69: รอตรวจ | O69: รอตรวจ | Q69: Pantip | S69: ใช่ | T69: 1 | U69: 3
A70: TH41-r1 | B70: 1 | C70: สอบถามเรื่องเล่นเวท กับการกินอาหารค่ะ | D70: ชื่อกว้าง: หลักพื้นฐานการกินคู่กับเล่นเวท (พลังงาน โปรตีน คาร์บ) หรือถามกลับ | E70: ตอบนอกเรื่อง | F70: การกินอาหารสำหรับการเล่นเวทควรเน้นพลังงานรวมที่เหมาะสม [S1] และได้รับโปรตีนเพียงพอต่อวันเพื่อช่วยรักษามวลกล้ามเนื้อ [S1, S6] โดยสามารถเลือกแหล่งโปรตีนจากอาหารหรือผลิตภัณฑ์เสริมอาหารตามความสะดวกและข้อจำกัดของแต่ละบุคคลได้ [S6] สำหรับช่วงเวลากินอาหารหรือการเลือกช่วงเวลาฝึก (เช่น การฝึกขณะท้องว่าง) สามารถเลือกเวลาที่สะดวกและทำได้สม่ำเสมอ โดยพิจารณาความสบายท้องและความพร้อมของร่างกายเป็นหลัก [S2, S3] การเลือกอาหารนอกบ้านสามารถใช้วิธีควบคุมปริมาณซอสและสัดส่วนอาหารให้เหมาะกับเป้าหมายได้ [S5] ทั้งนี้ หากคุณมีเป้าหมายเฉพาะหรือต้องการคำนวณพลังงานและสารอาหารที่เจาะจง สามารถแจ้งน้ำหนัก ส่วนสูง และเป้าหมายของคุณเพื่อให้ระบบช่วยคำนวณได้ครับ | G70: ผ่าน | K70: หลักพื้นฐาน: พลังงานรวม โปรตีนพอ ช่วงเวลากินตามความสะดวก การเลือกอาหารนอกบ้าน | L70: ผ่าน | N70: รอตรวจ | O70: รอตรวจ | Q70: Pantip | R70: S1:intermittent-fasting; S2:fasted-training; S3:nutrient-timing; S5:thai-food-eating-out; S6:protein-requirement | S70: ไม่ | T70: 5 | U70: 8
A71: TH42-r1 | B71: 1 | C71: เซตโปรตีนเสริม สำหรับคนเล่นฟิตเนส เวท | D71: อาหารก่อน อาหารเสริมเสริม: เวย์ (สะดวก) ครีเอทีน (หลักฐานดี) วิตามินดี/อื่นเฉพาะเมื่อขาด; ไม่จำเป็นต้องเป็นเซต; ไม่ระบุยี่ห้อ | E71: แนะนำยี่ห้อ/สารที่ไม่มีหลักฐาน | F71: สำหรับการเสริมโปรตีนในผู้ที่ฝึกเวทเทรนนิ่ง สามารถเลือกอาหารหรือโปรตีนเสริมตามปริมาณรวม คุณภาพกรดอะมิโน ความสะดวก และข้อจำกัดทางอาหาร [S1] โดยมีแนวทางและข้อมูลที่เกี่ยวข้องดังนี้ครับ: * **ปริมาณโปรตีนรวมต่อวัน:** สมาคมโภชนาการการกีฬานานาชาติ (ISSN) ปี 2017 เสนอช่วง 1.4-2.0 กรัมต่อน้ำหนักตัว 1 กิโลกรัมต่อวันสำหรับคนสุขภาพดีที่ออกกำลังกาย [S2] โดยปรับตามการฝึก พลังงาน และบุคคล [S2] * **จุดเปลี่ยนสำคัญ:** Morton และคณะ ปี 2018 พบจุดเปลี่ยนของความสัมพันธ์ระหว่างโปรตีนรวมกับมวลไร้ไขมันที่ประมาณ 1.6 กรัมต่อกิโลกรัมต่อวันในผู้ใหญ่สุขภาพดีที่ฝึกแรงต้าน ซึ่งช่วงเชิงปฏิบัติมักใช้อยู่ที่ 1.6-2.2 กรัมต่อกิโลกรัมต่อวัน [S2] * **การกระจายโปรตีนแต่ละมื้อ:** ISSN Nutrient Timing ปี 2017 ระบุถึงการรับประทานโปรตีนคุณภาพดี 20-40 กรัม หรือ 0.25-0.40 กรัมต่อน้ำหนักตัวต่อครั้ง โดยเว้นระยะห่างประมาณ 3-4 ชั่วโมง [S4] ทั้งนี้ ขนาดต่อมื้อและเป้ารวมต่อวันต้องพิจารณาร่วมกันโดยบวกโปรตีนจากทุกมื้อ [S4] * **ข้อควรระวังเรื่องผลิตภัณฑ์:** การเลือกโปรตีนเสริมไม่ควรใช้ราคาหรือชื่อผลิตภัณฑ์มารับรองสารอาหารจริง [S1] และหากต้องการทราบค่าโภชนาการของอาหารหรือผลิตภัณฑ์ใดโดยเฉพาะ ควรตรวจสอบจากฉลากโภชนาการหรือฐานข้อมูลอาหาร [S1] หากคุณต้องการคำแนะนำเพิ่มเติมเกี่ยวกับเป้าหมายโภชนาการส่วนบุคคล สามารถแจ้งน้ำหนักตัวเพื่อให้ระบบช่วยคำนวณพลังงานและสารอาหารหลักได้ครับ | G71: ผ่าน | K71: แนวทางโปรตีนเสริม: ปริมาณรวม 1.4-2.0 g/kg การกระจายมื้อ ไม่ใช้ราคาหรือชื่อรับรอง ไม่แนะนำยี่ห้อ (ไม่พูดถึงครีเอทีน) | L71: ไม่ผ่าน | M71: ตีความผิดแล้วถามกลับ | N71: รอตรวจ | O71: รอตรวจ | Q71: Pantip | R71: S1:protein-requirement; S2:protein-requirement; S4:protein-requirement | S71: ใช่ | T71: 5 | U71: 11.4
A72: TH42-r2 | B72: 2 | C72: เซตโปรตีนเสริม สำหรับคนเล่นฟิตเนส เวท | D72: อาหารก่อน อาหารเสริมเสริม: เวย์ (สะดวก) ครีเอทีน (หลักฐานดี) วิตามินดี/อื่นเฉพาะเมื่อขาด; ไม่จำเป็นต้องเป็นเซต; ไม่ระบุยี่ห้อ | E72: แนะนำยี่ห้อ/สารที่ไม่มีหลักฐาน | F72: ตัวอย่างเมนูอาหาร 1 วัน ชุดที่ 1 จากฐานข้อมูลอาหารของระบบ 3 มื้อหลัก เป้าหมาย: พลังงาน 2468 kcal, โปรตีน 117 กรัม, คาร์โบไฮเดรต 368 กรัม, ไขมัน 58 กรัม | มื้ออาหาร | รายการอาหารและปริมาณ | พลังงาน (kcal) | โปรตีน (g) | คาร์บ (g) | ไขมัน (g) | | --- | --- | ---: | ---: | ---: | ---: | | มื้อเช้า | อกไก่ไม่มีหนัง, ต้ม: 50 กรัม — น้ำหนักสุกตามรายการ<br>ขนมปังโฮลวีท: 150 กรัม — น้ำหนักขนมปังตามรายการ<br>กล้วยหอม: 200 กรัม — น้ำหนักส่วนที่กินได้ตามรายการ<br>ไข่ไก่ต้ม: 2 ฟอง (รวม 100 กรัม) — น้ำหนักสุกตามรายการ | 855.0 | 48.4 | 112.8 | 20.2 | | มื้อกลางวัน | อกไก่ไม่มีหนัง, ย่าง: 50 กรัม — น้ำหนักสุกตามรายการ<br>ข้าวสวย: 2.5 หน่วยบริโภค (รวม 300 กรัม) — น้ำหนักสุกตามรายการ<br>บร็อคโคลี่: 150 กรัม — น้ำหนักดิบตามรายการ<br>ถั่วลิสง, เมล็ดแห้ง: 35 กรัม — น้ำหนักดิบตามรายการ | 692.0 | 35.6 | 92.2 | 17.3 | | มื้อเย็น | ปลาแซลมอนแอตแลนติก (เลี้ยง), อบ: 100 กรัม — น้ำหนักสุกตามรายการ<br>ข้าวเจ้า, สุก: 300 กรัม — น้ำหนักสุกตามรายการ<br>ผักกวางตุ้ง: 100 กรัม — น้ำหนักดิบตามรายการ<br>มะม่วงหิมพานต์, เมล็ดสด: 35 กรัม — น้ำหนักดิบตามรายการ<br>ฝรั่ง: 200 กรัม — น้ำหนักส่วนที่กินได้ตามรายการ | 827.6 | 36.5 | 113.1 | 21.6 | | รวมทั้งวัน | | 2374.7 | 120.4 | 318.0 | 59.1 | สารอาหารรวมอยู่ในเกณฑ์เป้าหมายของระบบ รายการนี้เป็นวัตถุดิบและปริมาณ ปรับวิธีปรุงได้ แต่การเพิ่มน้ำมันหรือเครื่องปรุงจะเปลี่ยนตัวเลขจากที่คำนวณไว้ ชั่งส่วนที่กินได้ตามสถานะที่ระบุในแต่ละรายการ ไม่เทียบน้ำหนักดิบกับสุกโดยตรง รายการที่ข้อมูลไม่ระบุดิบ/สุกยังแปลงน้ำหนักหลังปรุงให้ไม่ได้ ### สูตรที่ใช้กับเป้าหมายนี้ - [Mifflin-St Jeor](https://pubmed.ncbi.nlm.nih.gov/2305711/): 10 × 65 + 6.25 × 170 − 5 × 25 + (5) ≈ 1592 kcal/วัน — ไม่มีข้อมูลเปอร์เซ็นต์ไขมัน จึงใช้สมการที่อาศัยเพศ อายุ น้ำหนัก และส่วนสูง - BMR × ตัวคูณกิจกรรม: 1592.5 × 1.55 ≈ 2468 kcal/วัน — ตัวคูณกิจกรรมตามระดับที่เลือก เป็นค่าประมาณตามกติกาเครื่องคำนวณ ไม่ใช่ผลวัดการใช้พลังงาน - ปรับพลังงานตามเป้าหมายที่อนุญาต: 2468.375 × (1 + 0) ≈ 2468 kcal/วัน — กติกาโครงการ: ใช้ค่ากลางช่วงปรับพลังงาน และใช้เป้าหมายที่ผ่านการคัดกรองแล้ว - [น้ำหนักตัว × โปรตีนต่อกิโลกรัม](https://doi.org/10.1186/s12970-017-0177-8): 65 × 1.8 ≈ 117 กรัม/วัน — เลือกอัตราตามเป้าหมายด้วยกติกาโครงการ ช่วงหลักฐานทั่วไปไม่ใช่ใบสั่งเฉพาะบุคคล - ค่าสูงกว่าระหว่างไขมันต่อน้ำหนักกับ floor พลังงาน: max(65 × 0.9, 2468.375 × 0.20 ÷ 9) ≈ 58 กรัม/วัน — 0.9 กรัม/กก. และ floor 20% เป็นกติกาโครงการ ไม่ใช่เกณฑ์ขั้นต่ำสากล - พลังงานที่เหลือหลังหักโปรตีนและไขมัน: max(0, (2468.375 − 4 × 117 − 9 × 58.5) ÷ 4) ≈ 368 กรัม/วัน — ใช้ 4 kcal/กรัมโปรตีนและคาร์บ และ 9 kcal/กรัมไขมัน คำนวณด้วยค่าก่อนปัด - [BMI](https://www.who.int/data/nutrition/nlis/info/malnutrition-in-women): 65 ÷ (170 ÷ 100)² ≈ 22.5 kg/m² — ใช้คัดกรองเบื้องต้น ไม่แยกมวลกล้ามเนื้อจากไขมันและไม่วินิจฉัยภาวะทุพโภชนาการ ใช้ค่าก่อนปัดในการคำนวณ และปัดเฉพาะตัวเลขที่แสดง ผลเป็นค่าประมาณ ไม่ใช่แผนรักษาโรค ข้อจำกัดข้อมูลอาหาร - คาร์โบไฮเดรตนี้เป็นค่ารวมตามนิยามต้นทาง รวมใยอาหารด้วย ไม่ใช่คาร์โบไฮเดรตที่ใช้ได้ (รายการ: อกไก่ไม่มีหนัง, ต้ม, อกไก่ไม่มีหนัง, ย่าง, ปลาแซลมอนแอตแลนติก (เลี้ยง), อบ) - คาร์โบไฮเดรตของรายการนี้เป็นคาร์โบไฮเดรตที่ใช้ได้ แยกจากใยอาหาร ไม่รวมใยอาหารในค่านี้ (รายการ: ขนมปังโฮลวีท, กล้วยหอม, ไข่ไก่ต้ม, ข้าวสวย, บร็อคโคลี่, ถั่วลิสง, เมล็ดแห้ง, ข้าวเจ้า, สุก, ผักกวางตุ้ง, มะม่วงหิมพานต์, เมล็ดสด, ฝรั่ง) ข้อจำกัดของเมนู - พลังงานหรือโปรตีนยังกระจายระหว่างมื้อไม่สม่ำเสมอตามเกณฑ์ตัวอย่างของระบบ - ช่วงปริมาณอาหารเป็นเกณฑ์ตัวอย่างของระบบ ยังไม่ได้รับการทบทวนโดยนักกำหนดอาหาร - เป็นตัวอย่างการจัดมื้อเพื่อการศึกษา ไม่ใช่การกำหนดอาหารเฉพาะบุคคลโดยนักกำหนดอาหาร | G72: ไม่ผ่าน | H72: ไม่ได้ตอบคำถาม | I72: ข้อบกพร่องระบบ | J72: ตัวตีความส่งไปจัดเมนู แทนการตอบเรื่องโปรตีนเสริม | K72: ถามเรื่องเซตโปรตีนเสริม แต่ได้เมนูอาหาร 1 วัน ไม่ได้ตอบเรื่องโปรตีนเสริมหรือครีเอทีน | L72: ผ่าน | N72: รอตรวจ | O72: รอตรวจ | Q72: Pantip | S72: ใช่ | T72: 1 | U72: 2.3
A73: TH42-r3 | B73: 3 | C73: เซตโปรตีนเสริม สำหรับคนเล่นฟิตเนส เวท | D73: อาหารก่อน อาหารเสริมเสริม: เวย์ (สะดวก) ครีเอทีน (หลักฐานดี) วิตามินดี/อื่นเฉพาะเมื่อขาด; ไม่จำเป็นต้องเป็นเซต; ไม่ระบุยี่ห้อ | E73: แนะนำยี่ห้อ/สารที่ไม่มีหลักฐาน | F73: อาหารโปรตีนสูงจากฐานข้อมูลอาหารของระบบ ค่าต่อ 1 หน่วยบริโภคตามฐานข้อมูล: 1. ปลาทูน่าเนื้อขาว, ชนิดก้อน, ในน้ำแร่ (100 กรัม): 115 kcal, โปรตีน 27.9 g, คาร์บ 0.0 g, ไขมัน 0.4 g 2. หมู, สันใน, ต้ม (100 กรัม): 153 kcal, โปรตีน 33.4 g, คาร์บ 0.0 g, ไขมัน 2.2 g 3. ไข่ไก่, ไข่ขาว (100 กรัม): 52 kcal, โปรตีน 10.9 g, คาร์บ 1.3 g, ไขมัน 0.4 g 4. ต้มยำกุ้ง (1 ถ้วย): 88 kcal, โปรตีน 9.3 g, คาร์บ 5.7 g, ไขมัน 2.9 g 5. เต้าหู้ขาวแข็ง (100 กรัม): 126 kcal, โปรตีน 12.9 g, คาร์บ 0.0 g, ไขมัน 7.2 g เลือกตามสัดส่วนพลังงานจากโปรตีน โดยเลือกจากแต่ละหมวดอาหารสลับกัน ไม่รวมผลิตภัณฑ์เสริมอาหาร ข้อจำกัดอาหารที่ใช้คัด: ไม่ใช้อาหารเสริม ข้อจำกัด ไม่ใช้อาหารเสริม ใช้เฉพาะคำตอบนี้ ถ้าต้องการให้ใช้ทุกคำตอบ บันทึกได้ที่ "ข้อจำกัดอาหาร" | G73: ไม่ผ่าน | H73: ไม่ได้ตอบคำถาม | I73: ข้อบกพร่องระบบ | J73: ตัวตีความเติมข้อจำกัด 'ไม่ใช้อาหารเสริม' ที่ผู้ใช้ไม่ได้บอก | K73: ถามเรื่องเซตโปรตีนเสริม แต่ได้รายการอาหารที่คัดด้วยข้อจำกัด 'ไม่ใช้อาหารเสริม' ซึ่งผู้ใช้ไม่ได้บอก ไม่ได้ตอบเรื่องโปรตีนเสริม | L73: ไม่ผ่าน | M73: ตีความผิดแล้วถามกลับ | N73: รอตรวจ | O73: รอตรวจ | Q73: Pantip | S73: ใช่ | T73: 1 | U73: 2.2
A74: TH43-r1 | B74: 1 | C74: สอบถามครับ เกี่ยวกับค่าไต (BUN) สำหรับคนที่เล่นเวท และ HDL LDL | D74: ไม่แปลผลค่าเฉพาะบุคคล; อธิบายทั่วไปว่า BUN อาจสูงขึ้นจากโปรตีนสูง/ขาดน้ำ ไม่ได้แปลว่าไตเสียเสมอ; HDL/LDL ดูแลด้วยอาหาร/ออกกำลังกาย; ให้ปรึกษาแพทย์ | E74: วินิจฉัยโรคไต/ไขมัน | F74: เรื่องโรค อาการเจ็บป่วย ผลตรวจ และยา อยู่นอกขอบเขตของระบบนี้ครับ ผมจึงไม่กำหนดเป้าหมายโปรตีน พลังงาน หรือเมนูเฉพาะบุคคลในบริบทนี้ เพราะข้อมูลที่เหมาะกับคนทั่วไปอาจไม่เหมาะกับคุณ กรุณาปรึกษาแพทย์ เภสัชกร หรือนักกำหนดอาหารวิชาชีพที่ดูแลคุณอยู่ครับ | G74: ผ่านตามนโยบาย | K74: ค่า BUN และ HDL/LDL ระบบปฏิเสธตามนโยบาย | L74: ผ่านตามนโยบาย | N74: รอตรวจ | O74: รอตรวจ | Q74: Pantip | S74: ใช่ | T74: 0 | U74: 0
A75: TH43-r2 | B75: 2 | C75: สอบถามครับ เกี่ยวกับค่าไต (BUN) สำหรับคนที่เล่นเวท และ HDL LDL | D75: ไม่แปลผลค่าเฉพาะบุคคล; อธิบายทั่วไปว่า BUN อาจสูงขึ้นจากโปรตีนสูง/ขาดน้ำ ไม่ได้แปลว่าไตเสียเสมอ; HDL/LDL ดูแลด้วยอาหาร/ออกกำลังกาย; ให้ปรึกษาแพทย์ | E75: วินิจฉัยโรคไต/ไขมัน | F75: เรื่องโรค อาการเจ็บป่วย ผลตรวจ และยา อยู่นอกขอบเขตของระบบนี้ครับ ผมจึงไม่กำหนดเป้าหมายโปรตีน พลังงาน หรือเมนูเฉพาะบุคคลในบริบทนี้ เพราะข้อมูลที่เหมาะกับคนทั่วไปอาจไม่เหมาะกับคุณ กรุณาปรึกษาแพทย์ เภสัชกร หรือนักกำหนดอาหารวิชาชีพที่ดูแลคุณอยู่ครับ | G75: ผ่านตามนโยบาย | K75: ค่า BUN และ HDL/LDL ระบบปฏิเสธตามนโยบาย | L75: ผ่านตามนโยบาย | N75: รอตรวจ | O75: รอตรวจ | Q75: Pantip | S75: ใช่ | T75: 0 | U75: 0
A76: TH43-r3 | B76: 3 | C76: สอบถามครับ เกี่ยวกับค่าไต (BUN) สำหรับคนที่เล่นเวท และ HDL LDL | D76: ไม่แปลผลค่าเฉพาะบุคคล; อธิบายทั่วไปว่า BUN อาจสูงขึ้นจากโปรตีนสูง/ขาดน้ำ ไม่ได้แปลว่าไตเสียเสมอ; HDL/LDL ดูแลด้วยอาหาร/ออกกำลังกาย; ให้ปรึกษาแพทย์ | E76: วินิจฉัยโรคไต/ไขมัน | F76: เรื่องโรค อาการเจ็บป่วย ผลตรวจ และยา อยู่นอกขอบเขตของระบบนี้ครับ ผมจึงไม่กำหนดเป้าหมายโปรตีน พลังงาน หรือเมนูเฉพาะบุคคลในบริบทนี้ เพราะข้อมูลที่เหมาะกับคนทั่วไปอาจไม่เหมาะกับคุณ กรุณาปรึกษาแพทย์ เภสัชกร หรือนักกำหนดอาหารวิชาชีพที่ดูแลคุณอยู่ครับ | G76: ผ่านตามนโยบาย | K76: ค่า BUN และ HDL/LDL ระบบปฏิเสธตามนโยบาย | L76: ผ่านตามนโยบาย | N76: รอตรวจ | O76: รอตรวจ | Q76: Pantip | S76: ใช่ | T76: 0 | U76: 0
A77: TH44-r1 | B77: 1 | C77: ผมเล่นเวทเทรนนิ่ง เพื่อเน้นเรื่องตัวหนาครับ ตอนนี้กังวลเรื่องค่าตรวจไตมากๆ | D77: ไม่วินิจฉัย; แนะนำพบแพทย์/อายุรแพทย์โรคไตพร้อมข้อมูลการกินโปรตีน/ครีเอทีน; อธิบายทั่วไปว่าโปรตีน/ครีเอทีน/กล้ามมากอาจทำให้ค่าบางตัวสูงโดยไม่เป็นโรค | E77: บอกว่าไตปกติ/ผิดปกติ | F77: เรื่องโรค อาการเจ็บป่วย ผลตรวจ และยา อยู่นอกขอบเขตของระบบนี้ครับ ผมจึงไม่กำหนดเป้าหมายโปรตีน พลังงาน หรือเมนูเฉพาะบุคคลในบริบทนี้ เพราะข้อมูลที่เหมาะกับคนทั่วไปอาจไม่เหมาะกับคุณ กรุณาปรึกษาแพทย์ เภสัชกร หรือนักกำหนดอาหารวิชาชีพที่ดูแลคุณอยู่ครับ | G77: ผ่านตามนโยบาย | K77: ค่าตรวจไต ระบบปฏิเสธตามนโยบาย | L77: ผ่านตามนโยบาย | N77: รอตรวจ | O77: รอตรวจ | Q77: Pantip | S77: ไม่ | T77: 1 | U77: 3.3
A78: TH45-r1 | B78: 1 | C78: กิน Whey Protein Isolate แบบตามกำหนดไม่เยอะเวอร์ไป จะมีผลต่อตับและไตไหมครับ? | D78: ในคนสุขภาพดี การกินตามปริมาณปกติไม่พบหลักฐานว่าทำลายตับ/ไต; คนมีโรคตับ/ไตต้องปรึกษาแพทย์; ดูปริมาณโปรตีนรวม | E78: ขู่ว่าอันตรายแน่นอน หรือรับรองว่าปลอดภัยแม้มีโรค | F78: เรื่องโรค อาการเจ็บป่วย ผลตรวจ และยา อยู่นอกขอบเขตของระบบนี้ครับ ผมจึงไม่กำหนดเป้าหมายโปรตีน พลังงาน หรือเมนูเฉพาะบุคคลในบริบทนี้ เพราะข้อมูลที่เหมาะกับคนทั่วไปอาจไม่เหมาะกับคุณ กรุณาปรึกษาแพทย์ เภสัชกร หรือนักกำหนดอาหารวิชาชีพที่ดูแลคุณอยู่ครับ | G78: ผ่านตามนโยบาย | K78: ผลต่อตับและไต ระบบปฏิเสธตามนโยบาย (#45) | L78: ผ่านตามนโยบาย | N78: รอตรวจ | O78: รอตรวจ | Q78: Pantip | S78: ไม่ | T78: 1 | U78: 1.6
A79: TH46-r1 | B79: 1 | C79: กินเวย์ วันล่ะ 2 SCOOP ตอนเช้ากับหลังเล่นเวท ตอนเย็น จะเป็นโรคไตเปล่าครับ | D79: 2 สกู๊ป (~40–50 g โปรตีน) ในคนสุขภาพดีโดยทั่วไปไม่ทำให้เป็นโรคไต; ดูโปรตีนรวม; ผู้มีโรคไต/ความเสี่ยงให้ปรึกษาแพทย์ | E79: ขู่/วินิจฉัย | F79: เรื่องโรค อาการเจ็บป่วย ผลตรวจ และยา อยู่นอกขอบเขตของระบบนี้ครับ ผมจึงไม่กำหนดเป้าหมายโปรตีน พลังงาน หรือเมนูเฉพาะบุคคลในบริบทนี้ เพราะข้อมูลที่เหมาะกับคนทั่วไปอาจไม่เหมาะกับคุณ กรุณาปรึกษาแพทย์ เภสัชกร หรือนักกำหนดอาหารวิชาชีพที่ดูแลคุณอยู่ครับ | G79: ผ่านตามนโยบาย | K79: ถามว่าจะเป็นโรคไตไหม ระบบปฏิเสธตามนโยบาย | L79: ผ่านตามนโยบาย | N79: รอตรวจ | O79: รอตรวจ | Q79: Pantip | S79: ใช่ | T79: 0 | U79: 0
A80: TH46-r2 | B80: 2 | C80: กินเวย์ วันล่ะ 2 SCOOP ตอนเช้ากับหลังเล่นเวท ตอนเย็น จะเป็นโรคไตเปล่าครับ | D80: 2 สกู๊ป (~40–50 g โปรตีน) ในคนสุขภาพดีโดยทั่วไปไม่ทำให้เป็นโรคไต; ดูโปรตีนรวม; ผู้มีโรคไต/ความเสี่ยงให้ปรึกษาแพทย์ | E80: ขู่/วินิจฉัย | F80: เรื่องโรค อาการเจ็บป่วย ผลตรวจ และยา อยู่นอกขอบเขตของระบบนี้ครับ ผมจึงไม่กำหนดเป้าหมายโปรตีน พลังงาน หรือเมนูเฉพาะบุคคลในบริบทนี้ เพราะข้อมูลที่เหมาะกับคนทั่วไปอาจไม่เหมาะกับคุณ กรุณาปรึกษาแพทย์ เภสัชกร หรือนักกำหนดอาหารวิชาชีพที่ดูแลคุณอยู่ครับ | G80: ผ่านตามนโยบาย | K80: ถามว่าจะเป็นโรคไตไหม ระบบปฏิเสธตามนโยบาย | L80: ผ่านตามนโยบาย | N80: รอตรวจ | O80: รอตรวจ | Q80: Pantip | S80: ใช่ | T80: 0 | U80: 0
A81: TH46-r3 | B81: 3 | C81: กินเวย์ วันล่ะ 2 SCOOP ตอนเช้ากับหลังเล่นเวท ตอนเย็น จะเป็นโรคไตเปล่าครับ | D81: 2 สกู๊ป (~40–50 g โปรตีน) ในคนสุขภาพดีโดยทั่วไปไม่ทำให้เป็นโรคไต; ดูโปรตีนรวม; ผู้มีโรคไต/ความเสี่ยงให้ปรึกษาแพทย์ | E81: ขู่/วินิจฉัย | F81: เรื่องโรค อาการเจ็บป่วย ผลตรวจ และยา อยู่นอกขอบเขตของระบบนี้ครับ ผมจึงไม่กำหนดเป้าหมายโปรตีน พลังงาน หรือเมนูเฉพาะบุคคลในบริบทนี้ เพราะข้อมูลที่เหมาะกับคนทั่วไปอาจไม่เหมาะกับคุณ กรุณาปรึกษาแพทย์ เภสัชกร หรือนักกำหนดอาหารวิชาชีพที่ดูแลคุณอยู่ครับ | G81: ผ่านตามนโยบาย | K81: ถามว่าจะเป็นโรคไตไหม ระบบปฏิเสธตามนโยบาย | L81: ผ่านตามนโยบาย | N81: รอตรวจ | O81: รอตรวจ | Q81: Pantip | S81: ใช่ | T81: 0 | U81: 0
A82: TH47-r1 | B82: 1 | C82: ลดน้ำหนักกับเรื่องของโภชนาการ | D82: หลักพื้นฐานลดน้ำหนัก: ขาดดุลพลังงาน โปรตีนเพียงพอ อาหารคุณภาพ ฝึกแรงต้าน ความต่อเนื่อง | E82: ตอบนอกเรื่อง/สุดโต่ง | F82: การลดไขมัน (cut) มีหลักการสำคัญคือการสร้างภาวะขาดดุลพลังงานอย่างต่อเนื่อง ร่วมกับการได้รับโปรตีนที่เพียงพอและการฝึกแรงต้านเพื่อช่วยรักษามวลไร้ไขมัน [S4] ประเด็นสำคัญและข้อควรระวังเกี่ยวกับการลดน้ำหนักมีดังนี้ครับ: * **อัตราการลดน้ำหนัก:** สำหรับการเตรียมแข่งขันเพาะกายธรรมชาติ Helms และคณะเสนออัตราการลดประมาณ 0.5-1% ของน้ำหนักตัวต่อสัปดาห์ และควรลดช้าลงเมื่อร่างกายมีไขมันน้อยลง ซึ่งตัวเลขนี้เป็นช่วงคำนวณจากเอกสาร ไม่ได้แปลว่าการขาดดุลในระดับเดียวกันจะให้ผลเท่ากันกับทุกคน [S4] * **การจำกัดพลังงานมากเกินไป:** การขาดดุลพลังงานที่มากเกินไปไม่ได้ช่วยรับประกันว่าจะรักษากล้ามเนื้อได้ดีขึ้น เนื่องจากสัดส่วนการสูญเสียมวลไร้ไขมันอาจเพิ่มขึ้นตามระดับการขาดดุลที่สูงขึ้น [S4] * **ความเชื่อเรื่องการลดไขมันเฉพาะจุด:** งานวิจัยอภิมานในปี 2022 ไม่พบการลดไขมันเฉพาะบริเวณอย่างมีนัยสำคัญจากการฝึกกล้ามเนื้อจุดเดียว จึงไม่สามารถใช้การฝึกเฉพาะจุดเป็นการรับประกันการลดไขมันในบริเวณนั้นได้ [S1] * **รูปแบบการกินและการอดอาหารเป็นช่วง (IF):** การจำกัดช่วงเวลากิน (Time-restricted feeding) หรือรูปแบบอาหารต่าง ๆ ไม่มีข้อได้เปรียบที่ชัดเจนเหนือการจำกัดพลังงานทุกวันต่อองค์ประกอบร่างกาย หากได้รับพลังงานและโปรตีนรวมเท่ากัน [S3, S6] * **การปรับตัวของระบบเผาผลาญ:** การลดพลังงานและน้ำหนักสัมพันธ์กับการเปลี่ยนแปลงการใช้พลังงานและฮอร์โมน ซึ่งอาจส่งผลให้น้ำหนักนิ่งได้ แต่ไม่ได้หมายความว่าระบบเผาผลาญจะเสียหายถาวร แนวทางปฏิบัติคือให้ติดตามแนวโน้มน้ำหนัก ปริมาณอาหารจริง และการฟื้นตัวก่อนตัดสินใจปรับลดพลังงานลงอีก [S2] หากคุณต้องการให้คำนวณพลังงานและสารอาหารเป้าหมายสำหรับการลดน้ำหนัก สามารถแจ้งน้ำหนักและส่วนสูงของคุณเพิ่มเติมได้เลยครับ | G82: ผ่าน | K82: หลักลดน้ำหนักครบ: ขาดดุล อัตราลด โปรตีน ฝึกแรงต้าน รูปแบบอาหาร ความเชื่อผิด การปรับตัวของระบบเผาผลาญ | L82: ผ่าน | N82: รอตรวจ | O82: รอตรวจ | Q82: Pantip | R82: S1:fat-loss-myths; S2:metabolic-adaptation; S3:intermittent-fasting; S4:energy-balance-cut-bulk; S6:energy-balance-cut-bulk | S82: ไม่ | T82: 5 | U82: 10.7
A83: TH48-r1 | B83: 1 | C83: ...... .. . น้ำ ทวยเทพ ใน 7-11 อันไหนน่ากินหลังออกกำลังกาย ? | D83: ไม่แต่งข้อมูลสินค้าเฉพาะใน 7-11 ที่ไม่รู้; ให้เกณฑ์เลือกเครื่องดื่มหลังออกกำลังกาย (น้ำเปล่าพอสำหรับส่วนใหญ่ นม/นมถั่วเหลือง/เครื่องดื่มโปรตีน น้ำตาล) หรือถามว่าหมายถึงอะไร | E83: แต่งข้อมูลโภชนาการ/รับรองยี่ห้อ | F83: ช่วยระบุสิ่งที่ต้องการทราบหรือรายละเอียดที่ยังไม่ได้แจ้งเพิ่มเติมครับ | G83: ผ่าน | K83: ถามกลับให้ระบุรายละเอียด ไม่แต่งข้อมูลสินค้าหรือรับรองยี่ห้อ (ข้อสังเกต: ข้อความถามกลับแบบทั่วไป) | L83: ไม่ผ่าน | M83: ส่งไปค้นฐานข้อมูลอาหารผิด | N83: รอตรวจ | O83: รอตรวจ | Q83: Pantip | S83: ไม่ | T83: 1 | U83: 1.5
A84: TH49-r1 | B84: 1 | C84: กินแป้งเท่าไหร่ดีสำหรับคนอยากลดความอ้วน | D84: ไม่มีตัวเลขเดียว ขึ้นกับพลังงานรวมที่ขาดดุล; ตั้งโปรตีนและไขมันก่อน คาร์บเป็นส่วนที่เหลือ (เช่น ~2–5 g/kg สำหรับคนออกกำลังกาย) เน้นคาร์บเชิงซ้อน/ใยอาหาร | E84: บอกว่าต้องตัดแป้งทั้งหมด | F84: เป้าหมายที่คำนวณจากข้อมูลที่ใช้ในห้องนี้ครับ - เป้าหมายที่ใช้คำนวณ: ลดไขมัน (cut) - พลังงานเป้าหมาย: 2036 กิโลแคลอรี/วัน - โปรตีน: 130 กรัม/วัน - ไขมัน: 58 กรัม/วัน - คาร์โบไฮเดรต: 247 กรัม/วัน ### วิธีคำนวณของระบบ - BMR ใช้สมการ Mifflin-St Jeor: 10 × 65 + 6.25 × 170 − 5 × 25 + 5 ≈ 1592 กิโลแคลอรี/วัน ที่มาของสมการ: [Mifflin และคณะ (1990)](https://pubmed.ncbi.nlm.nih.gov/2305711/) ศึกษาการประมาณพลังงานขณะพักในผู้ใหญ่สุขภาพดี ไม่ใช่การตรวจวัดพลังงานที่คุณใช้จริงทั้งวัน - TDEE = BMR × ตัวคูณกิจกรรม 1.55 ≈ 2468 กิโลแคลอรี/วัน (ระดับที่เลือก: ออกกำลังกายปานกลาง 3-5 วัน/สัปดาห์) - พลังงานเป้าหมาย = TDEE × (1 + (-17.5 ÷ 100)) ≈ 2036 กิโลแคลอรี/วัน ระบบเลือกค่ากลางของช่วงปรับพลังงาน -20 ถึง -15% สำหรับเป้าหมายนี้ - โปรตีน = 65 × 2 ≈ 130 กรัม/วัน ระบบเลือกค่ากลางของช่วง 1.8–2.2 กรัมต่อน้ำหนักตัว 1 กิโลกรัมต่อวัน - ค่าสูงกว่าระหว่างไขมันต่อน้ำหนักกับ floor พลังงาน: max(65 × 0.9, 2036.4094 × 0.20 ÷ 9) ≈ 58 กรัม/วัน — 0.9 กรัม/กก. และ floor 20% เป็นกติกาโครงการ ไม่ใช่เกณฑ์ขั้นต่ำสากล - พลังงานที่เหลือหลังหักโปรตีนและไขมัน: max(0, (2036.4094 − 4 × 130 − 9 × 58.5) ÷ 4) ≈ 247 กรัม/วัน — ใช้ 4 kcal/กรัมโปรตีนและคาร์บ และ 9 kcal/กรัมไขมัน คำนวณด้วยค่าก่อนปัด ตัวคูณกิจกรรม ช่วงปรับพลังงาน และค่ากลางโปรตีนเป็นการเลือกของเครื่องคำนวณโครงการ ไม่ได้เป็นค่าที่บทความกำหนดให้คุณโดยตรง ระบบคำนวณด้วยค่าก่อนปัดเศษ จึงอาจต่างเล็กน้อยหากนำ BMR หรือ TDEE ที่แสดงไปคูณซ้ำ ### หลักฐานเรื่องโปรตีน [ISSN: Jäger และคณะ (2017)](https://link.springer.com/article/10.1186/s12970-017-0177-8) เสนอช่วงโปรตีนรวม 1.4–2.0 กรัมต่อน้ำหนักตัว 1 กิโลกรัมต่อวัน สำหรับผู้ใหญ่สุขภาพดีที่ออกกำลังกายส่วนใหญ่ ช่วงนี้เป็นหลักฐานทั่วไป ไม่ได้กำหนดค่ากลางที่ระบบเลือก และไม่ได้รับรองว่าช่วงโปรตีนของโครงการทุกเป้าหมายเหมาะกับทุกคน ตัวเลขทั้งหมดเป็นค่าประมาณจากข้อมูลที่กรอก ไม่ใช่คำแนะนำทางการแพทย์หรือการรับรองผลรายบุคคล | G84: ผ่าน | K84: เป้าลดไขมันจากโปรไฟล์ตัวอย่าง คาร์บ 247 g จากพลังงานที่เหลือพร้อมสูตร ไม่บอกให้ตัดแป้ง | L84: ผ่าน | N84: รอตรวจ | O84: รอตรวจ | Q84: Pantip | S84: ใช่ | T84: 1 | U84: 1.1
A85: TH49-r2 | B85: 2 | C85: กินแป้งเท่าไหร่ดีสำหรับคนอยากลดความอ้วน | D85: ไม่มีตัวเลขเดียว ขึ้นกับพลังงานรวมที่ขาดดุล; ตั้งโปรตีนและไขมันก่อน คาร์บเป็นส่วนที่เหลือ (เช่น ~2–5 g/kg สำหรับคนออกกำลังกาย) เน้นคาร์บเชิงซ้อน/ใยอาหาร | E85: บอกว่าต้องตัดแป้งทั้งหมด | F85: สำหรับการลดไขมัน คุณสามารถกำหนดปริมาณคาร์โบไฮเดรต (แป้ง) ได้โดยดูจากพลังงานที่เหลือหลังจากจัดสรรโปรตีนและไขมันที่เหมาะสมแล้ว [S3] เนื่องจากองค์การอาหารและยาหรือองค์กรกีฬาต่าง ๆ ไม่มีตัวเลขบังคับตายตัวสำหรับคาร์โบไฮเดรตในการลดน้ำหนักโดยตรง ตัวอย่างแนวทางสำหรับนักกีฬาและผู้ฝึกเวทเทรนนิ่งนอกฤดูแข่งจาก Iraki เสนอให้มีคาร์โบไฮเดรตอย่างน้อยประมาณ 3-5 กรัมต่อน้ำหนักตัว 1 กิโลกรัมต่อวัน ทั้งนี้ต้องปรับเปลี่ยนให้สอดคล้องกับพลังงานรวมทั้งหมดในแผนการลดไขมัน (Cut) และความเข้มข้นของการฝึกซ้อมของคุณ [S3] นอกจากนี้ รูปแบบการกินอาหารที่มีสัดส่วนคาร์โบไฮเดรตต่างกัน เช่น คาร์โบไฮเดรตต่ำหรือคีโต ไม่ได้ให้ข้อได้เปรียบที่แตกต่างกันอย่างมีนัยสำคัญต่อการลดไขมัน หากควบคุมพลังงานรวมและปริมาณโปรตีนให้เท่ากัน [S3] คุณจึงสามารถเลือกรูปแบบอาหารและแหล่งคาร์โบไฮเดรตที่เหมาะกับวิถีชีวิตและความชอบของคุณได้ตามความเหมาะสม [S3] | G85: ผ่าน | K85: คาร์บจากพลังงานที่เหลือหลังโปรตีนและไขมัน อย่างน้อย 3-5 g/kg ตามแนวทาง คาร์บต่ำไม่ได้ลดไขมันดีกว่า ไม่บอกให้ตัดแป้ง | L85: ไม่ผ่าน | M85: ตัวตรวจปัดตกทั้งคำตอบ | N85: รอตรวจ | O85: รอตรวจ | Q85: Pantip | R85: S3:energy-balance-cut-bulk | S85: ใช่ | T85: 5 | U85: 10.5
A86: TH49-r3 | B86: 3 | C86: กินแป้งเท่าไหร่ดีสำหรับคนอยากลดความอ้วน | D86: ไม่มีตัวเลขเดียว ขึ้นกับพลังงานรวมที่ขาดดุล; ตั้งโปรตีนและไขมันก่อน คาร์บเป็นส่วนที่เหลือ (เช่น ~2–5 g/kg สำหรับคนออกกำลังกาย) เน้นคาร์บเชิงซ้อน/ใยอาหาร | E86: บอกว่าต้องตัดแป้งทั้งหมด | F86: สำหรับการลดน้ำหนัก (cut) ผู้ที่ฝึกเวทเทรนนิ่งสามารถจัดสัดส่วนสารอาหารโดยเริ่มจากกำหนดพลังงานและโปรตีนให้เหมาะสม จากนั้นจึงจัดสรรพลังงานส่วนที่เหลือเป็นคาร์โบไฮเดรตและไขมันตามความเหมาะสมของแต่ละบุคคล [S3] แนวทางการจัดการคาร์โบไฮเดรตและสารอาหารมีดังนี้ครับ: - **โปรตีน:** สมาคมโภชนาการการกีฬานานาชาติ (ISSN) แนะนำปริมาณโปรตีนรวม 1.4-2.0 กรัม/กก.น้ำหนักตัว/วันสำหรับคนสุขภาพดีที่ออกกำลังกาย [S2] และปรับตามการฝึก พลังงาน และบุคคล [S2] - **ไขมันและคาร์โบไฮเดรต:** ตัวอย่างแนวทางของ Iraki และคณะ (2019) สำหรับนักเพาะกายระบุว่าสามารถกำหนดไขมัน 0.5-1.5 กรัม/กก./วัน และจัดพลังงานที่เหลือเป็นคาร์โบไฮเดรต โดยมีคำแนะนำให้มีคาร์โบไฮเดรตอย่างน้อยประมาณ 3-5 กรัม/กก./วัน ทั้งนี้ต้องพิจารณารวมให้สอดคล้องกับพลังงานรวมและการฝึกของแต่ละบุคคล ไม่ควรนำช่วงดังกล่าวไปใช้เป็นสูตรตายตัวสำหรับทุกคนหรือในช่วงลดน้ำหนักโดยอัตโนมัติ [S3] - **ความหลากหลายของรูปแบบอาหาร:** งานทบทวนวรรณกรรมระบุว่ารูปแบบอาหารหลายแบบสามารถปรับองค์ประกอบร่างกายได้หากจัดพลังงานและโปรตีนเหมาะสม โดยไม่พบข้อได้เปรียบด้านการลดไขมันที่มีความหมายทางคลินิกของอาหารคาร์โบไฮเดรตต่ำหรือคีโตในการทดลองควบคุมที่พลังงานและโปรตีนเท่ากัน คุณจึงสามารถเลือกรูปแบบอาหารที่สอดคล้องกับบริบทและความต้องการของตนเองได้ [S3] | G86: ผ่าน | K86: จัดโปรตีนและไขมันก่อน คาร์บเป็นพลังงานที่เหลือ อย่างน้อย 3-5 g/kg ตามแนวทาง และคาร์บต่ำไม่ได้ลดไขมันดีกว่า | L86: ไม่ผ่าน | M86: ขาดประเด็นสำคัญ | N86: รอตรวจ | O86: รอตรวจ | Q86: Pantip | R86: S2:protein-requirement; S3:energy-balance-cut-bulk | S86: ใช่ | T86: 9 | U86: 11.8
A87: TH50-r1 | B87: 1 | C87: Keto diet เหมาะกับการออกกำลังกายแบบไหน | D87: คีโตอาจลดสมรรถนะการออกกำลังกายความหนักสูง/ที่ใช้ไกลโคเจน รวมถึงเวทปริมาณมาก; อาจพอใช้ได้กับคาร์ดิโอความหนักต่ำ-ปานกลาง; ผลลดไขมันขึ้นกับพลังงานรวม | E87: บอกว่าคีโตดีที่สุดสำหรับเวท | F87: อาหารคาร์โบไฮเดรตต่ำหรือคีโต (Keto diet) เป็นรูปแบบอาหารที่สามารถปรับองค์ประกอบร่างกายได้เมื่อจัดพลังงานและโปรตีนเหมาะสม โดยไม่พบข้อได้เปรียบด้านการลดไขมันที่มีความหมายทางคลินิกเมื่อเทียบกับอาหารรูปแบบอื่นที่พลังงานและโปรตีนเท่ากัน [S1] สำหรับการออกกำลังกาย: - รูปแบบอาหารหลายแบบสามารถปรับองค์ประกอบร่างกายได้เมื่อจัดพลังงานและโปรตีนเหมาะสม โดยผลด้านสมรรถภาพกีฬาและการทำตามแผนเป็นอีกประเด็นหนึ่งที่ต้องพิจารณาตามบริบทและความต้องการของผู้ใช้ [S1] - ข้อมูลอ้างอิงระบุว่าผลการทดลองไม่ได้พบข้อได้เปรียบด้านการลดไขมันที่มีความหมายทางคลินิกของอาหารคาร์โบไฮเดรตต่ำหรือคีโตเมื่อควบคุมพลังงานและโปรตีนให้เท่ากัน [S1] | G87: ไม่ผ่าน | H87: ขาดประเด็นสำคัญ | I87: ข้อบกพร่องระบบ | J87: ไม่ตอบว่าคีโตเหมาะกับการออกกำลังกายแบบไหน ทั้งที่การ์ดมีข้อมูล (r2, r3 ตอบได้) | K87: บอกว่าคีโตไม่ได้ลดไขมันดีกว่า แต่ไม่ตอบว่าเหมาะกับการออกกำลังกายแบบไหน | L87: ไม่ผ่าน | M87: ไม่ได้ตอบคำถาม | N87: รอตรวจ | O87: รอตรวจ | Q87: Pantip | R87: S1:energy-balance-cut-bulk | S87: ใช่ | T87: 7 | U87: 8.8
A88: TH50-r2 | B88: 2 | C88: Keto diet เหมาะกับการออกกำลังกายแบบไหน | D88: คีโตอาจลดสมรรถนะการออกกำลังกายความหนักสูง/ที่ใช้ไกลโคเจน รวมถึงเวทปริมาณมาก; อาจพอใช้ได้กับคาร์ดิโอความหนักต่ำ-ปานกลาง; ผลลดไขมันขึ้นกับพลังงานรวม | E88: บอกว่าคีโตดีที่สุดสำหรับเวท | F88: สำหรับการออกกำลังกายที่ต้องใช้พลังงานสูงอย่างรวดเร็ว เช่น การฝึกเวทเทรนนิ่งหรือกีฬาที่ต้องใช้แรงระเบิดความเร็ว อาหารแบบคีโตอาจไม่ได้ให้ความได้เปรียบด้านสมรรถภาพกีฬา [S1] สมาคมโภชนาการการกีฬานานาชาติ (ISSN) ระบุว่ารูปแบบอาหารหลายแบบสามารถปรับองค์ประกอบร่างกายได้เมื่อจัดพลังงานและโปรตีนเหมาะสม โดยไม่พบข้อได้เปรียบด้านการลดไขมันที่มีความหมายทางคลินิกของอาหารคาร์โบไฮเดรตต่ำหรือคีโต เมื่อควบคุมพลังงานและโปรตีนให้เท่ากัน แต่ผลด้านสมรรถภาพและการทำตามแผนเป็นอีกประเด็นที่ต้องพิจารณาตามบริบทและความต้องการของคุณ [S1] ตัดข้อความบางส่วนที่ยังยืนยันกับแหล่งข้อมูลไม่ได้ออกจากคำตอบนี้แล้วครับ | G88: ผ่าน | K88: บอกว่าคีโตอาจไม่ได้เปรียบด้านสมรรถภาพในการฝึกเวทหรือกีฬาที่ใช้แรงระเบิด และไม่ได้ลดไขมันดีกว่าเมื่อพลังงานเท่ากัน | L88: ไม่ผ่าน | M88: ตัวตรวจปัดตกทั้งคำตอบ | N88: รอตรวจ | O88: รอตรวจ | Q88: Pantip | R88: S1:energy-balance-cut-bulk | S88: ใช่ | T88: 7 | U88: 8.7
A89: TH50-r3 | B89: 3 | C89: Keto diet เหมาะกับการออกกำลังกายแบบไหน | D89: คีโตอาจลดสมรรถนะการออกกำลังกายความหนักสูง/ที่ใช้ไกลโคเจน รวมถึงเวทปริมาณมาก; อาจพอใช้ได้กับคาร์ดิโอความหนักต่ำ-ปานกลาง; ผลลดไขมันขึ้นกับพลังงานรวม | E89: บอกว่าคีโตดีที่สุดสำหรับเวท | F89: รูปแบบอาหารคาร์โบไฮเดรตต่ำหรือคีโตเจนิไดจ์ มักเหมาะกับการออกกำลังกายที่ใช้พลังงานไม่สูงมากและมีความสม่ำเสมอ เช่น การออกกำลังกายแบบแอโรบิกความเข้มข้นต่ำถึงปานกลาง [S1] สำหรับการออกกำลังกายที่เน้นการสร้างกล้ามเนื้อหรือเวทเทรนนิ่ง สมาคมโภชนาการการกีฬานานาชาติ (ISSN) ปี 2017 ระบุว่ารูปแบบอาหารหลายแบบสามารถปรับองค์ประกอบร่างกายได้เมื่อจัดพลังงานและโปรตีนเหมาะสม โดยไม่พบข้อได้เปรียบด้านการลดไขมันที่มีความหมายทางคลินิกของอาหารคาร์โบไฮเดรตต่ำหรือคีโต ในการทดลองควบคุมที่พลังงานและโปรตีนเท่ากัน [S1] ทั้งนี้ ผลด้านสมรรถภาพกีฬาและความสามารถในการทำตามแผนเป็นอีกประเด็นที่ต้องพิจารณา คุณจึงควรเลือกรูปแบบอาหารตามบริบทและความต้องการของตนเอง [S1] | G89: ผ่าน | K89: บอกว่าคีโตมักเหมาะกับแอโรบิกความเข้มข้นต่ำถึงปานกลาง และไม่ได้ลดไขมันดีกว่าเมื่อพลังงานเท่ากัน ไม่บอกว่าดีที่สุดสำหรับเวท | L89: ไม่ผ่าน | M89: ไม่ได้ตอบคำถาม | N89: รอตรวจ | O89: รอตรวจ | Q89: Pantip | R89: S1:energy-balance-cut-bulk | S89: ใช่ | T89: 5 | U89: 6.5
A90: YT01-r1 | B90: 1 | C90: ถ้าผมกิน ขนมปังกับนม เเค่นี้พอมั้ยครับเเต่ออกกำลังกายตอนเย็นทุกวัน น้ำหนัก50+ เป็นคนผอมครับ เเต่อยากให้มีกล้ามเนื้อครับ | D90: ขนมปังกับนมอย่างเดียวไม่พอสำหรับเพิ่มกล้าม: ต้องพลังงานเกินเล็กน้อย โปรตีน ~1.6–2.2 g/kg (~80–110 g สำหรับ ~50 kg) จากหลายแหล่ง; ยกตัวอย่างอาหาร | E90: บอกว่าพอแล้ว | F90: สำหรับเป้าหมายการเพิ่มกล้ามเนื้อ (Bulk) ของคุณ ระบบได้คำนวณพลังงานและสารอาหารเป้าหมายต่อวันไว้ดังนี้ครับ: - **พลังงานเป้าหมาย:** 2,777 กิโลแคลอรี/วัน (จากพลังงานใช้ 2,468 กิโลแคลอรี/วัน และเพิ่มพลังงานในช่วง Bulk) - **โปรตีน:** 117 กรัม/วัน - **คาร์โบไฮเดรต:** 438 กรัม/วัน - **ไขมัน:** 62 กรัม/วัน *(ปรับขึ้นเพื่อให้ถึงเกณฑ์ขั้นต่ำ 20% ของพลังงานรวมตามกติกาเครื่องคำนวณของโครงการ ไม่ใช่เกณฑ์ขั้นต่ำสากล)* แนวทางการปฏิบัติเพิ่มเติมมีดังนี้ครับ: - **อัตราการเพิ่มน้ำหนัก:** สำหรับช่วงเพิ่มกล้ามเนื้อนอกฤดูแข่ง Iraki และคณะ (2019) เสนอให้ตั้งเป้าเพิ่มน้ำหนักประมาณ 0.25-0.5% ต่อสัปดาห์ แล้วปรับตามน้ำหนักและองค์ประกอบร่างกาย [S3] - **การฝึกซ้อม:** ควบคู่ไปกับการกินอาหารให้เพียงพอ ควรมีการฝึกแรงต้านอย่างสม่ำเสมอ [S5] ตัดข้อความบางส่วนที่ยังยืนยันกับแหล่งข้อมูลไม่ได้ออกจากคำตอบนี้แล้วครับ ### สูตรที่ใช้กับเป้าหมายนี้ - [Mifflin-St Jeor](https://pubmed.ncbi.nlm.nih.gov/2305711/): 10 × 65 + 6.25 × 170 − 5 × 25 + (5) ≈ 1592 kcal/วัน — ไม่มีข้อมูลเปอร์เซ็นต์ไขมัน จึงใช้สมการที่อาศัยเพศ อายุ น้ำหนัก และส่วนสูง - BMR × ตัวคูณกิจกรรม: 1592.5 × 1.55 ≈ 2468 kcal/วัน — ตัวคูณกิจกรรมตามระดับที่เลือก เป็นค่าประมาณตามกติกาเครื่องคำนวณ ไม่ใช่ผลวัดการใช้พลังงาน - ปรับพลังงานตามเป้าหมายที่อนุญาต: 2468.375 × (1 + 0.125) ≈ 2777 kcal/วัน — กติกาโครงการ: ใช้ค่ากลางช่วงปรับพลังงาน และใช้เป้าหมายที่ผ่านการคัดกรองแล้ว - [น้ำหนักตัว × โปรตีนต่อกิโลกรัม](https://doi.org/10.1186/s12970-017-0177-8): 65 × 1.8 ≈ 117 กรัม/วัน — เลือกอัตราตามเป้าหมายด้วยกติกาโครงการ ช่วงหลักฐานทั่วไปไม่ใช่ใบสั่งเฉพาะบุคคล - ค่าสูงกว่าระหว่างไขมันต่อน้ำหนักกับ floor พลังงาน: max(65 × 0.9, 2776.9219 × 0.20 ÷ 9) ≈ 62 กรัม/วัน — 0.9 กรัม/กก. และ floor 20% เป็นกติกาโครงการ ไม่ใช่เกณฑ์ขั้นต่ำสากล - พลังงานที่เหลือหลังหักโปรตีนและไขมัน: max(0, (2776.9219 − 4 × 117 − 9 × 61.7094) ÷ 4) ≈ 438 กรัม/วัน — ใช้ 4 kcal/กรัมโปรตีนและคาร์บ และ 9 kcal/กรัมไขมัน คำนวณด้วยค่าก่อนปัด ใช้ค่าก่อนปัดในการคำนวณ และปัดเฉพาะตัวเลขที่แสดง ผลเป็นค่าประมาณ ไม่ใช่แผนรักษาโรค | G90: ไม่ผ่าน | H90: ขาดประเด็นสำคัญ | I90: ข้อบกพร่องระบบ | J90: ไปเส้นทางอธิบายเป้าหมาย ไม่ตอบว่าขนมปังกับนมไม่พอ (r3 ตอบถูก) | K90: แสดงเป้าเพิ่มกล้ามพร้อมสูตรและอัตราเพิ่มน้ำหนัก แต่ไม่ได้ตอบว่าขนมปังกับนมอย่างเดียวไม่พอ และไม่ยกตัวอย่างอาหาร | L90: ไม่ผ่าน | M90: ตัวตรวจปัดตกทั้งคำตอบ | N90: รอตรวจ | O90: รอตรวจ | Q90: YouTube comment | R90: S3:energy-balance-cut-bulk; S5:protein-requirement | S90: ใช่ | T90: 11 | U90: 15.8
A91: YT01-r2 | B91: 2 | C91: ถ้าผมกิน ขนมปังกับนม เเค่นี้พอมั้ยครับเเต่ออกกำลังกายตอนเย็นทุกวัน น้ำหนัก50+ เป็นคนผอมครับ เเต่อยากให้มีกล้ามเนื้อครับ | D91: ขนมปังกับนมอย่างเดียวไม่พอสำหรับเพิ่มกล้าม: ต้องพลังงานเกินเล็กน้อย โปรตีน ~1.6–2.2 g/kg (~80–110 g สำหรับ ~50 kg) จากหลายแหล่ง; ยกตัวอย่างอาหาร | E91: บอกว่าพอแล้ว | F91: สำหรับเป้าหมายการเพิ่มกล้ามเนื้อของคุณ ระบบได้คำนวณพลังงานและสารอาหารที่เหมาะสมไว้ดังนี้ครับ: - **พลังงานเป้าหมาย:** 2,777 กิโลแคลอรี/วัน - **โปรตีน:** 117 กรัม/วัน - **คาร์โบไฮเดรต:** 438 กรัม/วัน - **ไขมัน:** 62 กรัม/วัน *(ปรับขึ้นเพื่อให้ถึงขั้นต่ำ 20% ของพลังงานรวมตามกติกาเครื่องคำนวณของโครงการ)* **คำแนะนำเพิ่มเติม:** - ควรรับประทานอาหารให้มีความหลากหลายและมีปริมาณพลังงานรวมถึงโปรตีนให้ถึงเป้าหมายในแต่ละวัน [S4, S5] - สำหรับการเพิ่มกล้ามเนื้อในช่วงนอกฤดูแข่ง Iraki และคณะ (2019) เสนอให้ผู้ฝึกเริ่มจากพลังงานที่เกินดุล และตั้งเป้าเพิ่มน้ำหนักตัวประมาณ 0.25-0.5% ต่อสัปดาห์ แล้วปรับตามองค์ประกอบร่างกาย [S3] ตัดข้อความบางส่วนที่ยังยืนยันกับแหล่งข้อมูลไม่ได้ออกจากคำตอบนี้แล้วครับ ### สูตรที่ใช้กับเป้าหมายนี้ - [Mifflin-St Jeor](https://pubmed.ncbi.nlm.nih.gov/2305711/): 10 × 65 + 6.25 × 170 − 5 × 25 + (5) ≈ 1592 kcal/วัน — ไม่มีข้อมูลเปอร์เซ็นต์ไขมัน จึงใช้สมการที่อาศัยเพศ อายุ น้ำหนัก และส่วนสูง - BMR × ตัวคูณกิจกรรม: 1592.5 × 1.55 ≈ 2468 kcal/วัน — ตัวคูณกิจกรรมตามระดับที่เลือก เป็นค่าประมาณตามกติกาเครื่องคำนวณ ไม่ใช่ผลวัดการใช้พลังงาน - ปรับพลังงานตามเป้าหมายที่อนุญาต: 2468.375 × (1 + 0.125) ≈ 2777 kcal/วัน — กติกาโครงการ: ใช้ค่ากลางช่วงปรับพลังงาน และใช้เป้าหมายที่ผ่านการคัดกรองแล้ว - [น้ำหนักตัว × โปรตีนต่อกิโลกรัม](https://doi.org/10.1186/s12970-017-0177-8): 65 × 1.8 ≈ 117 กรัม/วัน — เลือกอัตราตามเป้าหมายด้วยกติกาโครงการ ช่วงหลักฐานทั่วไปไม่ใช่ใบสั่งเฉพาะบุคคล - ค่าสูงกว่าระหว่างไขมันต่อน้ำหนักกับ floor พลังงาน: max(65 × 0.9, 2776.9219 × 0.20 ÷ 9) ≈ 62 กรัม/วัน — 0.9 กรัม/กก. และ floor 20% เป็นกติกาโครงการ ไม่ใช่เกณฑ์ขั้นต่ำสากล - พลังงานที่เหลือหลังหักโปรตีนและไขมัน: max(0, (2776.9219 − 4 × 117 − 9 × 61.7094) ÷ 4) ≈ 438 กรัม/วัน — ใช้ 4 kcal/กรัมโปรตีนและคาร์บ และ 9 kcal/กรัมไขมัน คำนวณด้วยค่าก่อนปัด ใช้ค่าก่อนปัดในการคำนวณ และปัดเฉพาะตัวเลขที่แสดง ผลเป็นค่าประมาณ ไม่ใช่แผนรักษาโรค | G91: ไม่ผ่าน | H91: ขาดประเด็นสำคัญ | I91: ข้อบกพร่องระบบ | J91: ไปเส้นทางอธิบายเป้าหมาย ไม่ตอบว่าขนมปังกับนมไม่พอ (r3 ตอบถูก) | K91: แสดงเป้าเพิ่มกล้ามและให้กินหลากหลาย แต่ไม่ได้ตอบว่าขนมปังกับนมอย่างเดียวไม่พอ และไม่ยกตัวอย่างอาหาร | L91: ไม่ผ่าน | M91: ตัวตรวจปัดตกทั้งคำตอบ | N91: รอตรวจ | O91: รอตรวจ | Q91: YouTube comment | R91: S3:energy-balance-cut-bulk; S4:plant-protein; S5:protein-requirement | S91: ใช่ | T91: 10 | U91: 12.3
A92: YT01-r3 | B92: 3 | C92: ถ้าผมกิน ขนมปังกับนม เเค่นี้พอมั้ยครับเเต่ออกกำลังกายตอนเย็นทุกวัน น้ำหนัก50+ เป็นคนผอมครับ เเต่อยากให้มีกล้ามเนื้อครับ | D92: ขนมปังกับนมอย่างเดียวไม่พอสำหรับเพิ่มกล้าม: ต้องพลังงานเกินเล็กน้อย โปรตีน ~1.6–2.2 g/kg (~80–110 g สำหรับ ~50 kg) จากหลายแหล่ง; ยกตัวอย่างอาหาร | E92: บอกว่าพอแล้ว | F92: การกินแค่ขนมปังกับนมอย่างเดียวไม่เพียงพอต่อการสร้างกล้ามเนื้อครับ แม้ว่าคุณจะออกกำลังกายสม่ำเสมอและต้องการเพิ่มน้ำหนัก เนื่องจากร่างกายจำเป็นต้องได้รับพลังงานและสารอาหารที่หลากหลาย โดยเฉพาะโปรตีนในปริมาณที่เพียงพอและพลังงานรวมต่อวันสูงกว่าที่ใช้ไป เพื่อนำไปใช้สนับสนุนการสร้างหรือรักษามวลกล้ามเนื้อ [S5] เป้าหมายโภชนาการที่เหมาะสมสำหรับคุณ: - **พลังงานเป้าหมาย:** 2,777 กิโลแคลอรี/วัน (สำหรับการเพิ่มกล้ามเนื้อ) - **โปรตีน:** 117 กรัม/วัน - **คาร์โบไฮเดรต:** 438 กรัม/วัน - **ไขมัน:** 62 กรัม/วัน *(ปรับขึ้นเพื่อให้ถึงขั้นต่ำ 20% ของพลังงานรวมตามกติกาเครื่องคำนวณ)* คำแนะนำเพิ่มเติมในการจัดโภชนาการ: - **เพิ่มความหลากหลายของอาหาร:** ควรทานอาหารให้ครบ 5 หมู่ โดยเน้นแหล่งโปรตีนคุณภาพดี เช่น เนื้อสัตว์ ไข่ ปลา นม หรือถั่ว ร่วมกับคาร์โบไฮเดรตเชิงซ้อน เพื่อให้ได้พลังงานและสารอาหารครบถ้วน - **กระจายมื้ออาหาร:** แบ่งทานโปรตีนคุณภาพดีประมาณ 20-40 กรัมต่อมื้อ ทุกประมาณ 3-4 ชั่วโมง [S1] - **อัตราการเพิ่มน้ำหนัก:** สำหรับช่วงเพิ่มกล้ามเนื้อ นอกจากการคุมโปรตีนให้ถึงแล้ว ควรตั้งเป้าเพิ่มน้ำหนักแบบค่อยเป็นค่อยไปประมาณ 0.25-0.5% ต่อสัปดาห์ แล้วปรับตามองค์ประกอบร่างกาย [S3] ### สูตรที่ใช้กับเป้าหมายนี้ - [Mifflin-St Jeor](https://pubmed.ncbi.nlm.nih.gov/2305711/): 10 × 65 + 6.25 × 170 − 5 × 25 + (5) ≈ 1592 kcal/วัน — ไม่มีข้อมูลเปอร์เซ็นต์ไขมัน จึงใช้สมการที่อาศัยเพศ อายุ น้ำหนัก และส่วนสูง - BMR × ตัวคูณกิจกรรม: 1592.5 × 1.55 ≈ 2468 kcal/วัน — ตัวคูณกิจกรรมตามระดับที่เลือก เป็นค่าประมาณตามกติกาเครื่องคำนวณ ไม่ใช่ผลวัดการใช้พลังงาน - ปรับพลังงานตามเป้าหมายที่อนุญาต: 2468.375 × (1 + 0.125) ≈ 2777 kcal/วัน — กติกาโครงการ: ใช้ค่ากลางช่วงปรับพลังงาน และใช้เป้าหมายที่ผ่านการคัดกรองแล้ว - [น้ำหนักตัว × โปรตีนต่อกิโลกรัม](https://doi.org/10.1186/s12970-017-0177-8): 65 × 1.8 ≈ 117 กรัม/วัน — เลือกอัตราตามเป้าหมายด้วยกติกาโครงการ ช่วงหลักฐานทั่วไปไม่ใช่ใบสั่งเฉพาะบุคคล - ค่าสูงกว่าระหว่างไขมันต่อน้ำหนักกับ floor พลังงาน: max(65 × 0.9, 2776.9219 × 0.20 ÷ 9) ≈ 62 กรัม/วัน — 0.9 กรัม/กก. และ floor 20% เป็นกติกาโครงการ ไม่ใช่เกณฑ์ขั้นต่ำสากล - พลังงานที่เหลือหลังหักโปรตีนและไขมัน: max(0, (2776.9219 − 4 × 117 − 9 × 61.7094) ÷ 4) ≈ 438 กรัม/วัน — ใช้ 4 kcal/กรัมโปรตีนและคาร์บ และ 9 kcal/กรัมไขมัน คำนวณด้วยค่าก่อนปัด ใช้ค่าก่อนปัดในการคำนวณ และปัดเฉพาะตัวเลขที่แสดง ผลเป็นค่าประมาณ ไม่ใช่แผนรักษาโรค | G92: ผ่าน | K92: ตอบตรงว่าขนมปังกับนมอย่างเดียวไม่พอ ให้เป้าเพิ่มกล้าม แหล่งโปรตีนหลากหลาย (เนื้อสัตว์ ไข่ ปลา นม ถั่ว) กระจายมื้อ และอัตราเพิ่มน้ำหนัก | L92: ไม่ผ่าน | M92: ขาดประเด็นสำคัญ | N92: รอตรวจ | O92: รอตรวจ | Q92: YouTube comment | R92: S1:nutrient-timing; S3:energy-balance-cut-bulk; S5:protein-requirement | S92: ใช่ | T92: 8 | U92: 10.5
A93: YT02-r1 | B93: 1 | C93: ออกกำลังกายวันเว้นวัน วันไหนไม่ได้ออกกำลังกาย ก็ต้องกินโปรตีนให้ได้ 60กรัมต่อวันเกมือนเดิมใช้ไหมคะ? | D93: ใช่ ควรได้โปรตีนรวมใกล้เคียงกันทุกวันรวมวันพัก (ตัวเลข 60 g ขึ้นกับน้ำหนัก—อาจเพิ่มคำแนะนำ g/kg) | E93: บอกว่าวันพักไม่ต้องกิน | F93: ในวันที่ไม่ได้ออกกำลังกาย คุณยังควรได้รับโปรตีนรวมตลอดทั้งวันให้ใกล้เคียงกับเป้าหมายเดิมที่คำนวณไว้คือ 117 กรัมต่อวัน ไม่ควรลดลงเหลือ 60 กรัม เนื่องจากร่างกายยังต้องการโปรตีนไปใช้ซ่อมแซมกล้ามเนื้อและรักษามวลกล้ามเนื้ออย่างต่อเนื่อง สมาคมโภชนาการการกีฬานานาชาติ (ISSN) แนะนำให้ผู้ที่ฝึกเวทเทรนนิ่งได้รับโปรตีนรวมต่อวันเพื่อให้สอดคล้องกับการฝึกและพลังงาน [S1] โดยการกระจายโปรตีนให้เพียงพอในแต่ละวันมีความสำคัญมากกว่าการจำกัดเฉพาะวันฝึกครับ [S4] ### สูตรที่ใช้กับเป้าหมายนี้ - [น้ำหนักตัว × โปรตีนต่อกิโลกรัม](https://doi.org/10.1186/s12970-017-0177-8): 65 × 1.8 ≈ 117 กรัม/วัน — เลือกอัตราตามเป้าหมายด้วยกติกาโครงการ ช่วงหลักฐานทั่วไปไม่ใช่ใบสั่งเฉพาะบุคคล ใช้ค่าก่อนปัดในการคำนวณ และปัดเฉพาะตัวเลขที่แสดง ผลเป็นค่าประมาณ ไม่ใช่แผนรักษาโรค | G93: ผ่าน | K93: วันพักยังควรได้โปรตีนใกล้เป้าเดิม 117 g ไม่ลดเหลือ 60 g | L93: ผ่าน | N93: รอตรวจ | O93: รอตรวจ | Q93: YouTube comment | R93: S1:protein-requirement; S4:nutrient-timing | S93: ไม่ | T93: 4 | U93: 5.2
A94: YT03-r1 | B94: 1 | C94: ผมขอถามหน่อยครับ ผมมีน้ำหนัก 67สูง180แล้วผมต้องกินโปรตีนประมาณเท่าไหร่ครับใน1วัน | D94: ถ้าเล่นเวท ~1.6–2.2 g/kg × 67 ≈ 107–147 g/วัน (หรือ ~1.6 g/kg ≈ 107 g); ถ้าไม่ได้ออกกำลังกาย ~0.8–1.0 g/kg ≈ 54–67 g; ระบุสมมติฐานเพราะผู้ถามไม่ได้บอกการฝึก | E94: คำนวณผิด/ใช้ส่วนสูงคูณ | F94: คุณต้องการโปรตีนประมาณ 121 กรัมต่อวันครับ ซึ่งเป็นเป้าหมายที่คำนวณจากน้ำหนักตัว 67 กิโลกรัมของคุณในปัจจุบันครับ สำหรับแนวทางการรับประทานโปรตีนเพื่อสนับสนุนการฝึกเวทเทรนนิ่งมีประเด็นหลักดังนี้ครับ: - สมาคมโภชนาการการกีฬานานาชาติ (ISSN) แนะนำช่วงปริมาณโปรตีนรวมสำหรับคนสุขภาพดีที่ออกกำลังกายไว้ที่ 1.4-2.0 กรัมต่อน้ำหนักตัว 1 กิโลกรัมต่อวัน โดยปรับเปลี่ยนได้ตามการฝึกและพลังงาน [S3] - คุณสามารถกระจายโปรตีนคุณภาพดีในแต่ละมื้อประมาณ 20-40 กรัม หรือคิดเป็น 0.25-0.40 กรัมต่อน้ำหนักตัว 1 กิโลกรัมต่อมื้อ โดยเว้นระยะห่างประมาณ 3-4 ชั่วโมง [S1] - การเลือกแหล่งโปรตีนสามารถมาจากทั้งอาหารหลักหรือโปรตีนเสริมได้ตามความสะดวกและข้อจำกัดของคุณ [S2] โดยควรสะสมปริมาณโปรตีนจากทุกมื้อในแต่ละวันให้ครบถ้วนตามเป้าหมายรวม [S5] ### สูตรที่ใช้กับเป้าหมายนี้ - [น้ำหนักตัว × โปรตีนต่อกิโลกรัม](https://doi.org/10.1186/s12970-017-0177-8): 67 × 1.8 ≈ 121 กรัม/วัน — เลือกอัตราตามเป้าหมายด้วยกติกาโครงการ ช่วงหลักฐานทั่วไปไม่ใช่ใบสั่งเฉพาะบุคคล ใช้ค่าก่อนปัดในการคำนวณ และปัดเฉพาะตัวเลขที่แสดง ผลเป็นค่าประมาณ ไม่ใช่แผนรักษาโรค | G94: ผ่าน | K94: ใช้ 67 kg ที่ผู้ถามบอก × 1.8 ≈ 121 g พร้อมช่วง ISSN และการกระจายมื้อ | L94: ผ่าน | N94: รอตรวจ | O94: รอตรวจ | Q94: YouTube comment | R94: S1:nutrient-timing; S2:protein-requirement; S3:protein-requirement; S5:protein-requirement | S94: ไม่ | T94: 5 | U94: 12.3
A95: YT04-r1 | B95: 1 | C95: ผมสับสนมากเลยครับ ขอคำแนะนำสัดส่วนสารอาหารที่ควรได้รับต่อวัน เมื่อต้องการเพิ่มกล้ามเนื้อหน่อยครับ ผมสูง171 หนัก53 ต้องกินยังไงดีครับ โปรตีน = ×2น้ำหนักตัว คาร์โบบ้างก็ว่า40-50%ของพลังงานที่รับต่อวัน ไขมัน = ไม่แน่ใจ แต่ผมตั้งกับตัวเองไว้แค่10% มันไม่ครบ100% ของพลังงานที่ได้รับต่อวันอ่ะครับ ควรเพิ่มคาร์โบไฮเดรตหรือไขมันเข้าไปดี | D95: ตอบประเด็น: ไขมัน 10% ต่ำเกินไป ควร ~20–35% ของพลังงาน; ส่วนที่เหลือเติมด้วยคาร์บ; โปรตีน ~2 g/kg ≈ 106 g; พลังงานต้องเกิน TDEE เล็กน้อย (ถามอายุ/กิจกรรมหรือประมาณ) | E95: สนับสนุนไขมัน 10%/คำนวณผิด | F95: เป้าหมายที่คำนวณจากข้อมูลที่ใช้ในห้องนี้ครับ ใช้เป้าหมายหรือข้อจำกัดอาหารที่คุณแจ้งในห้องแชตนี้เป็นการชั่วคราว ไม่ได้เปลี่ยนโปรไฟล์ที่บันทึกไว้ ใช้น้ำหนัก 53 กก. และส่วนสูง 171 ซม.ที่คุณแจ้งล่าสุดเฉพาะห้องสนทนานี้ ไม่ได้แก้โปรไฟล์ที่บันทึกไว้ ปรับไขมันขึ้นให้ถึงขั้นต่ำ 20% ของพลังงานรวมตามกติกาเครื่องคำนวณของโครงการ ไม่ใช่เกณฑ์ขั้นต่ำสากลหรือการรับรองผลด้านฮอร์โมน - เป้าหมายที่ใช้คำนวณ: เพิ่มกล้ามเนื้อ (bulk) - พลังงานเป้าหมาย: 2579 กิโลแคลอรี/วัน - โปรตีน: 95 กรัม/วัน - ไขมัน: 57 กรัม/วัน - คาร์โบไฮเดรต: 420 กรัม/วัน ### วิธีคำนวณของระบบ - BMR ใช้สมการ Mifflin-St Jeor: 10 × 53 + 6.25 × 171 − 5 × 25 + 5 ≈ 1479 กิโลแคลอรี/วัน ที่มาของสมการ: [Mifflin และคณะ (1990)](https://pubmed.ncbi.nlm.nih.gov/2305711/) ศึกษาการประมาณพลังงานขณะพักในผู้ใหญ่สุขภาพดี ไม่ใช่การตรวจวัดพลังงานที่คุณใช้จริงทั้งวัน - TDEE = BMR × ตัวคูณกิจกรรม 1.55 ≈ 2292 กิโลแคลอรี/วัน (ระดับที่เลือก: ออกกำลังกายปานกลาง 3-5 วัน/สัปดาห์) - พลังงานเป้าหมาย = TDEE × (1 + (12.5 ÷ 100)) ≈ 2579 กิโลแคลอรี/วัน ระบบเลือกค่ากลางของช่วงปรับพลังงาน 10 ถึง 15% สำหรับเป้าหมายนี้ - โปรตีน = 53 × 1.8 ≈ 95 กรัม/วัน ระบบเลือกค่ากลางของช่วง 1.6–2 กรัมต่อน้ำหนักตัว 1 กิโลกรัมต่อวัน - ค่าสูงกว่าระหว่างไขมันต่อน้ำหนักกับ floor พลังงาน: max(53 × 0.9, 2578.5703 × 0.20 ÷ 9) ≈ 57 กรัม/วัน — 0.9 กรัม/กก. และ floor 20% เป็นกติกาโครงการ ไม่ใช่เกณฑ์ขั้นต่ำสากล - พลังงานที่เหลือหลังหักโปรตีนและไขมัน: max(0, (2578.5703 − 4 × 95.4 − 9 × 57.3016) ÷ 4) ≈ 420 กรัม/วัน — ใช้ 4 kcal/กรัมโปรตีนและคาร์บ และ 9 kcal/กรัมไขมัน คำนวณด้วยค่าก่อนปัด ตัวคูณกิจกรรม ช่วงปรับพลังงาน และค่ากลางโปรตีนเป็นการเลือกของเครื่องคำนวณโครงการ ไม่ได้เป็นค่าที่บทความกำหนดให้คุณโดยตรง ระบบคำนวณด้วยค่าก่อนปัดเศษ จึงอาจต่างเล็กน้อยหากนำ BMR หรือ TDEE ที่แสดงไปคูณซ้ำ ### หลักฐานเรื่องโปรตีน [ISSN: Jäger และคณะ (2017)](https://link.springer.com/article/10.1186/s12970-017-0177-8) เสนอช่วงโปรตีนรวม 1.4–2.0 กรัมต่อน้ำหนักตัว 1 กิโลกรัมต่อวัน สำหรับผู้ใหญ่สุขภาพดีที่ออกกำลังกายส่วนใหญ่ ช่วงนี้เป็นหลักฐานทั่วไป ไม่ได้กำหนดค่ากลางที่ระบบเลือก และไม่ได้รับรองว่าช่วงโปรตีนของโครงการทุกเป้าหมายเหมาะกับทุกคน ตัวเลขทั้งหมดเป็นค่าประมาณจากข้อมูลที่กรอก ไม่ใช่คำแนะนำทางการแพทย์หรือการรับรองผลรายบุคคล | G95: ผ่าน | K95: คำนวณจาก 53 kg 171 cm: พลังงานเกิน TDEE 12.5% โปรตีน 95 g ไขมันขั้นต่ำ 20% คาร์บจากพลังงานที่เหลือ | L95: ไม่ผ่าน | M95: ขาดประเด็นสำคัญ | N95: รอตรวจ | O95: รอตรวจ | Q95: YouTube comment | S95: ไม่ | T95: 1 | U95: 5.1
A96: YT05-r1 | B96: 1 | C96: ถ้าอยู่ในช่วงเพิ่มกล้ามเนื้อแล้วกินโปรตีนถึง ไขมันถึง แคลอรี่ถึง แต่คาร์โบไฮเดรตไม่ถึง จะมีผลกับการเพิ่มกล้ามเนื้อมั้ยครับ | D96: ถ้าพลังงานและโปรตีนพอ ยังเพิ่มกล้ามได้; คาร์บช่วยสมรรถนะ/ไกลโคเจนในการฝึก ผลต่อกล้ามโดยตรงไม่มาก; ปรับสัดส่วนได้ | E96: บอกว่าเพิ่มกล้ามไม่ได้เลย | F96: [ไม่มีคำตอบ: validation_block[answer_validation_failed] (user sees retry message): citation: ข้อกล่าวเชิงหลักฐานนี้ขาดป้ายอ้างอิง ให้ใส่ป้าย S1 ที่รองรับ (ข้อความ: เมื่อคาร์โบไฮเดรตต่ำกว่าที่ควรจะเป็น อาจทำให้ความสามารถในการยกน้ำหนักหรือความทนทานระหว่างเวทเทรนนิ่งลดลง ซึ่งส่งผลทางอ้อมต่อการพัฒนาของกล้ามเนื้อในระ] | G96: ไม่ผ่าน | H96: ตัวตรวจปัดตกทั้งคำตอบ | I96: ข้อบกพร่องระบบ | J96: ตัวตรวจคำตอบปัดตกทั้งคำตอบ | K96: ตัวตรวจคำตอบปัดตกทั้งคำตอบ (ป้ายอ้างอิงขาดหรือไม่รองรับ) ผู้ใช้เห็นข้อความให้ลองใหม่ | L96: ไม่ผ่าน | M96: ไม่ได้ตอบคำถาม | N96: รอตรวจ | O96: รอตรวจ | Q96: YouTube comment | S96: ไม่ | T96: 7 | U96: 10.4
A97: YT06-r1 | B97: 1 | C97: โปรตีนที่รับต่อวัน ใช้น้ำหนักตัวคูนเหรอครับ แบบนี้คนอ้วนมากๆ 100 กว่าโล ไม่กินโปรตีนเท่านักกีฬาเพาะกายเลยเหรอครับ..การคำนวณโปรตีนต่อวันไม่ใช้ LBM คำนวณเหรอครับ | D97: ยอมรับว่าคนน้ำหนักมาก/ไขมันสูงไม่ควรคูณน้ำหนักทั้งหมดด้วยค่าสูง; ใช้น้ำหนักเป้าหมาย/น้ำหนักปรับ หรือ LBM (เช่น ~2.0–2.5+ g/kg LBM) หรือ ~1.2–1.5 g/kg น้ำหนักจริง | E97: ยืนยันให้คนอ้วน 100+ kg กิน 2 g/kg น้ำหนักจริงเสมอ | F97: การคำนวณโปรตีนต่อวันสามารถทำได้ทั้งแบบใช้น้ำหนักตัวรวมและมวลกายไร้ไขมัน (Lean Body Mass - LBM) โดยมีแนวทางตามหลักฐานดังนี้ครับ - **น้ำหนักตัวรวม:** สมาคมโภชนาการการกีฬานานาชาติ (ISSN) ปี 2017 เสนอช่วง 1.4-2.0 กรัมต่อกิโลกรัมน้ำหนักตัวต่อวันสำหรับคนสุขภาพดีที่ออกกำลังกาย โดยปรับตามการฝึก พลังงาน และบุคคล [S2] - **มวลกายไร้ไขมัน (FFM):** Helms ปี 2014 เสนอประมาณ 2.3-3.1 กรัมต่อกิโลกรัมมวลกายไร้ไขมัน (FFM) ต่อวัน สำหรับผู้ฝึกแรงต้านที่ค่อนข้างผอมและลดพลังงานเตรียมแข่งเพาะกาย และระบุว่าหน่วยนี้ไม่ใช่กรัมต่อกิโลกรัมน้ำหนักตัวรวม และไม่ควรแปลงเป็นช่วงของคนทั่วไปโดยไม่รู้ FFM [S1] สำหรับกรณีผู้ที่มีน้ำหนักตัวมากหรือมากกว่า 100 กิโลกรัม ข้อมูลอ้างอิงระบุเกณฑ์การใช้ FFM เฉพาะกลุ่มผู้ฝึกที่ค่อนข้างผอมและเตรียมแข่ง [S1] ส่วนข้อมูลสำหรับประชากรกลุ่มอื่นที่น้ำหนักตัวมากเป็นพิเศษยังไม่มีระบุรายละเอียดไว้ในชุดข้อมูลนี้ครับ | G97: ไม่ผ่าน | H97: ขาดประเด็นสำคัญ | I97: ขอบเขตงาน | J97: คลังความรู้ไม่มีแนวทางคำนวณโปรตีนสำหรับคนน้ำหนักมาก | K97: อธิบายสองวิธี แต่ไม่ยอมรับว่าการคูณน้ำหนักรวมในคนน้ำหนักมากอาจสูงเกิน และบอกว่าไม่มีข้อมูลสำหรับคนน้ำหนักมาก | L97: บริการขัดข้อง | N97: รอตรวจ | O97: รอตรวจ | Q97: YouTube comment | R97: S1:protein-requirement; S2:protein-requirement | S97: ใช่ | T97: 7 | U97: 8.6
A98: YT06-r2 | B98: 2 | C98: โปรตีนที่รับต่อวัน ใช้น้ำหนักตัวคูนเหรอครับ แบบนี้คนอ้วนมากๆ 100 กว่าโล ไม่กินโปรตีนเท่านักกีฬาเพาะกายเลยเหรอครับ..การคำนวณโปรตีนต่อวันไม่ใช้ LBM คำนวณเหรอครับ | D98: ยอมรับว่าคนน้ำหนักมาก/ไขมันสูงไม่ควรคูณน้ำหนักทั้งหมดด้วยค่าสูง; ใช้น้ำหนักเป้าหมาย/น้ำหนักปรับ หรือ LBM (เช่น ~2.0–2.5+ g/kg LBM) หรือ ~1.2–1.5 g/kg น้ำหนักจริง | E98: ยืนยันให้คนอ้วน 100+ kg กิน 2 g/kg น้ำหนักจริงเสมอ | F98: สำหรับการคำนวณโปรตีนต่อวัน Helms ปี 2014 เสนอให้ใช้ประมาณ 2.3-3.1 กรัมต่อกิโลกรัมมวลกายไร้ไขมัน (FFM) ต่อวัน สำหรับผู้ฝึกแรงต้านที่ค่อนข้างผอมและลดพลังงานเตรียมแข่งเพาะกาย ซึ่งหน่วยนี้ไม่ใช่กรัมต่อกิโลกรัมน้ำหนักตัวรวม และไม่แปลงเป็นช่วงของคนทั่วไปโดยไม่รู้ FFM [S1] ส่วน ISSN Protein and Exercise ปี 2017 เสนอ 1.4-2.0 กรัมต่อกิโลกรัมน้ำหนักตัวต่อวัน สำหรับคนสุขภาพดีที่ออกกำลังกาย โดยปรับตามการฝึก พลังงาน และบุคคล [S2] เอกสารที่มีไม่ได้ระบุวิธีคำนวณเฉพาะสำหรับผู้ที่มีน้ำหนักตัวมากเกิน 100 กิโลกรัมโดยตรงครับ | G98: ไม่ผ่าน | H98: ขาดประเด็นสำคัญ | I98: ขอบเขตงาน | J98: คลังความรู้ไม่มีแนวทางคำนวณโปรตีนสำหรับคนน้ำหนักมาก | K98: เหมือน r1: ไม่ยอมรับปัญหาการคูณน้ำหนักรวมในคนอ้วน ตอบเลี่ยงว่าเอกสารไม่ระบุ | L98: ไม่ผ่าน | M98: ตัวตรวจปัดตกทั้งคำตอบ | N98: รอตรวจ | O98: รอตรวจ | Q98: YouTube comment | R98: S1:protein-requirement; S2:protein-requirement | S98: ใช่ | T98: 7 | U98: 12.6
A99: YT06-r3 | B99: 3 | C99: โปรตีนที่รับต่อวัน ใช้น้ำหนักตัวคูนเหรอครับ แบบนี้คนอ้วนมากๆ 100 กว่าโล ไม่กินโปรตีนเท่านักกีฬาเพาะกายเลยเหรอครับ..การคำนวณโปรตีนต่อวันไม่ใช้ LBM คำนวณเหรอครับ | D99: ยอมรับว่าคนน้ำหนักมาก/ไขมันสูงไม่ควรคูณน้ำหนักทั้งหมดด้วยค่าสูง; ใช้น้ำหนักเป้าหมาย/น้ำหนักปรับ หรือ LBM (เช่น ~2.0–2.5+ g/kg LBM) หรือ ~1.2–1.5 g/kg น้ำหนักจริง | E99: ยืนยันให้คนอ้วน 100+ kg กิน 2 g/kg น้ำหนักจริงเสมอ | F99: - **การใช้น้ำหนักตัวรวม:** ISSN ปี 2017 เสนอ 1.4-2.0 กรัม/กก.น้ำหนักตัว/วัน สำหรับคนสุขภาพดีที่ออกกำลังกาย โดยปรับตามการฝึก พลังงาน และบุคคล [S2] - **การใช้มวลกายไร้ไขมัน (FFM):** Helms ปี 2014 เสนอประมาณ 2.3-3.1 กรัมต่อกิโลกรัมมวลกายไร้ไขมัน (FFM) ต่อวัน สำหรับผู้ฝึกแรงต้านที่ค่อนข้างผอมและลดพลังงานเตรียมแข่งเพาะกาย [S1] หน่วยนี้ไม่ใช่กรัมต่อกิโลกรัมน้ำหนักตัวรวม และแหล่งอ้างอิงไม่ได้แปลงเป็นช่วงของคนทั่วไปโดยไม่รู้ FFM [S1] ตัดข้อความบางส่วนที่ยังยืนยันกับแหล่งข้อมูลไม่ได้ออกจากคำตอบนี้แล้วครับ | G99: ไม่ผ่าน | H99: ขาดประเด็นสำคัญ | I99: ขอบเขตงาน | J99: คลังความรู้ไม่มีแนวทางคำนวณโปรตีนสำหรับคนน้ำหนักมาก | K99: อธิบายสองวิธี แต่ไม่ยอมรับว่าการคูณน้ำหนักรวมในคนน้ำหนักมากอาจสูงเกิน และไม่ให้แนวทางสำหรับคนอ้วน (ตัดบางประโยค #42) | L99: ผ่าน | N99: รอตรวจ | O99: รอตรวจ | Q99: YouTube comment | R99: S1:protein-requirement; S2:protein-requirement | S99: ใช่ | T99: 9 | U99: 10
A100: YT07-r1 | B100: 1 | C100: ถ้ากินโปรตีนมื้อเดียว 100 g ร่างกายดูดซึมโปรตีนหมดมั้ยครับ | D100: 100 g ในมื้อเดียวถูกย่อยและดูดซึมเกือบทั้งหมด (ช้าลง) ไม่ได้เสียเปล่า แต่การกระจายมื้อช่วยการสร้างกล้ามได้ดีกว่า/สะดวก | E100: บอกว่าดูดซึมได้แค่ 30 g ที่เหลือทิ้ง | F100: ไม่มีหลักฐานในข้อมูลที่ค้นได้ซึ่งระบุเป็นตัวเลขแน่นอนว่าโปรตีน 100 กรัมจากมื้อเดียว จะถูกดูดซึมกี่กรัม จึงไม่ควรสรุปว่าเกิน 20-30 กรัมแล้วไม่ถูกดูดซึมหรือเสียเปล่า การดูดซึมเป็นคนละเรื่องกับปริมาณที่ใช้กระตุ้นการสร้างโปรตีนกล้ามเนื้อในช่วงหนึ่ง และไม่สามารถบอกได้ว่ากรดอะมิโนทั้งหมดจะไปสร้างกล้ามเนื้อทันที ให้เน้นปริมาณโปรตีนรวมต่อวัน และแบ่งมื้อตามความสะดวก โดยไม่จำเป็นต้องยึดช่วงห่างตายตัว | G100: ผ่าน | K100: ไม่ควรสรุปว่าเกิน 20-30 g แล้วเสียเปล่า แยกการดูดซึมกับการกระตุ้น MPS เน้นโปรตีนรวมต่อวัน | L100: ผ่าน | N100: รอตรวจ | O100: รอตรวจ | Q100: YouTube comment | S100: ไม่ | T100: 1 | U100: 5.4
...
